paper_no,paper_key,title,year,field,field_hint,reported,value,unit,evidence_quote,notes
1,10.1002_adma.201906238,Two‐Dimensional Palladium Diselenide with Strong In‐Plane Optical Anisotropy and High Mobi,2020,code,"which DFT package (VASP, Quantum ESPRESSO, SIESTA, CASTEP, ...)",n,,,,Retrieved text only contains abstract and bibliography. Parameters are not explicitly reported in this text.
1,10.1002_adma.201906238,Two‐Dimensional Palladium Diselenide with Strong In‐Plane Optical Anisotropy and High Mobi,2020,xc_functional,"e.g. PBE, PBEsol, LDA, HSE06",n,,,,Retrieved text only contains abstract and bibliography. Parameters are not explicitly reported in this text.
1,10.1002_adma.201906238,Two‐Dimensional Palladium Diselenide with Strong In‐Plane Optical Anisotropy and High Mobi,2020,pseudopotential_type,"e.g. PAW, norm-conserving, ultrasoft",n,,,,Retrieved text only contains abstract and bibliography. Parameters are not explicitly reported in this text.
1,10.1002_adma.201906238,Two‐Dimensional Palladium Diselenide with Strong In‐Plane Optical Anisotropy and High Mobi,2020,k_mesh,e.g. 15x15x1; write as printed,n,,,,Retrieved text only contains abstract and bibliography. Parameters are not explicitly reported in this text.
1,10.1002_adma.201906238,Two‐Dimensional Palladium Diselenide with Strong In‐Plane Optical Anisotropy and High Mobi,2020,cutoff,"the basis cutoff FOR THIS CODE: plane-wave cutoff (eV or Ry) for VASP/QE/CASTEP, or mesh cutoff (Ry) for SIESTA. One value only.",n,,,,Retrieved text only contains abstract and bibliography. Parameters are not explicitly reported in this text.
1,10.1002_adma.201906238,Two‐Dimensional Palladium Diselenide with Strong In‐Plane Optical Anisotropy and High Mobi,2020,force_threshold_ev_ang,force convergence criterion,n,,,,Retrieved text only contains abstract and bibliography. Parameters are not explicitly reported in this text.
1,10.1002_adma.201906238,Two‐Dimensional Palladium Diselenide with Strong In‐Plane Optical Anisotropy and High Mobi,2020,energy_threshold_ev,SCF / total-energy convergence criterion,n,,,,Retrieved text only contains abstract and bibliography. Parameters are not explicitly reported in this text.
1,10.1002_adma.201906238,Two‐Dimensional Palladium Diselenide with Strong In‐Plane Optical Anisotropy and High Mobi,2020,vacuum_spacing_ang,vacuum thickness along the non-periodic axis,n,,,,Retrieved text only contains abstract and bibliography. Parameters are not explicitly reported in this text.
1,10.1002_adma.201906238,Two‐Dimensional Palladium Diselenide with Strong In‐Plane Optical Anisotropy and High Mobi,2020,basis_size,"NAO codes ONLY (SIESTA: DZP, TZP...). Write n/a for plane-wave codes.",n/a,,,,"VASP (plane-wave) is implied by the bibliography, so basis size is n/a"
2,10.1016_j.apsusc.2026.167411,Pentagonal PdTe2 monolayer for sustainable solar-driven hydrogen production,2026,code,"which DFT package (VASP, Quantum ESPRESSO, SIESTA, CASTEP, ...)",y,VASP,,using the Vienna ab initio simulation package (VASP),
2,10.1016_j.apsusc.2026.167411,Pentagonal PdTe2 monolayer for sustainable solar-driven hydrogen production,2026,xc_functional,"e.g. PBE, PBEsol, LDA, HSE06",y,GGA,,Exchange-correlation effects were treated using the generalized gradient approximation (GGA),
2,10.1016_j.apsusc.2026.167411,Pentagonal PdTe2 monolayer for sustainable solar-driven hydrogen production,2026,pseudopotential_type,"e.g. PAW, norm-conserving, ultrasoft",y,PAW,,The electron–ion interaction was described using the projector augmented-wave (PAW) method,
2,10.1016_j.apsusc.2026.167411,Pentagonal PdTe2 monolayer for sustainable solar-driven hydrogen production,2026,k_mesh,e.g. 15x15x1; write as printed,y,9x9x1,,Brillouin-zone integrations were carried out using a Monkhorst–Pack 9 × 9 × 1 k-point mesh,
2,10.1016_j.apsusc.2026.167411,Pentagonal PdTe2 monolayer for sustainable solar-driven hydrogen production,2026,cutoff,"the basis cutoff FOR THIS CODE: plane-wave cutoff (eV or Ry) for VASP/QE/CASTEP, or mesh cutoff (Ry) for SIESTA. One value only.",y,550,eV,expanded in a plane-wave basis set with an energy cutoff of 550 eV,
2,10.1016_j.apsusc.2026.167411,Pentagonal PdTe2 monolayer for sustainable solar-driven hydrogen production,2026,force_threshold_ev_ang,force convergence criterion,y,0.01,eV/Å,residual forces on each atom were less than 0.01 eV/Å,
2,10.1016_j.apsusc.2026.167411,Pentagonal PdTe2 monolayer for sustainable solar-driven hydrogen production,2026,energy_threshold_ev,SCF / total-energy convergence criterion,y,10^-6,eV,total-energy change was below 10−6 eV,
2,10.1016_j.apsusc.2026.167411,Pentagonal PdTe2 monolayer for sustainable solar-driven hydrogen production,2026,vacuum_spacing_ang,vacuum thickness along the non-periodic axis,y,20,Å,inserting a vacuum spacing of 20 Å along the z-axis,
2,10.1016_j.apsusc.2026.167411,Pentagonal PdTe2 monolayer for sustainable solar-driven hydrogen production,2026,basis_size,"NAO codes ONLY (SIESTA: DZP, TZP...). Write n/a for plane-wave codes.",n/a,,,,VASP is a plane-wave code
3,10.1016_j.cplett.2020.138229,"O<mml:math xmlns:mml=""http://www.w3.org/1998/Math/MathML"" display=""inline"" id=""d1e362"" alt",2020,code,"which DFT package (VASP, Quantum ESPRESSO, SIESTA, CASTEP, ...)",y,DMol3,,using the DMol3 module as implemented in Biovia Materials Studio software,
3,10.1016_j.cplett.2020.138229,"O<mml:math xmlns:mml=""http://www.w3.org/1998/Math/MathML"" display=""inline"" id=""d1e362"" alt",2020,xc_functional,"e.g. PBE, PBEsol, LDA, HSE06",y,LDA / PWC,,Local Density Approximation (LDA) is considered employing the Perdew-Wang (PWC) functional,
3,10.1016_j.cplett.2020.138229,"O<mml:math xmlns:mml=""http://www.w3.org/1998/Math/MathML"" display=""inline"" id=""d1e362"" alt",2020,pseudopotential_type,"e.g. PAW, norm-conserving, ultrasoft",y,semi-core DFT pseudopotentials,,nuclei-valence electron interactions are represented by the inclusion of semi-core DFT pseudopotentials,
3,10.1016_j.cplett.2020.138229,"O<mml:math xmlns:mml=""http://www.w3.org/1998/Math/MathML"" display=""inline"" id=""d1e362"" alt",2020,k_mesh,e.g. 15x15x1; write as printed,y,14 × 14 × 1,,The K points in the Brillouin zone are considered within a 14 × 14 × 1 Monkhorst-Pack mesh,
3,10.1016_j.cplett.2020.138229,"O<mml:math xmlns:mml=""http://www.w3.org/1998/Math/MathML"" display=""inline"" id=""d1e362"" alt",2020,cutoff,"the basis cutoff FOR THIS CODE: plane-wave cutoff (eV or Ry) for VASP/QE/CASTEP, or mesh cutoff (Ry) for SIESTA. One value only.",n,,,,"DMol3 is an LCAO code, but no mesh cutoff or orbital cutoff radius was explicitly stated."
3,10.1016_j.cplett.2020.138229,"O<mml:math xmlns:mml=""http://www.w3.org/1998/Math/MathML"" display=""inline"" id=""d1e362"" alt",2020,force_threshold_ev_ang,force convergence criterion,y,0.002,Ha/Å,0.002 Ha/Å for maximum force,
3,10.1016_j.cplett.2020.138229,"O<mml:math xmlns:mml=""http://www.w3.org/1998/Math/MathML"" display=""inline"" id=""d1e362"" alt",2020,energy_threshold_ev,SCF / total-energy convergence criterion,y,1 × 10−5,,1 × 10−5 for the self-consistent field,
3,10.1016_j.cplett.2020.138229,"O<mml:math xmlns:mml=""http://www.w3.org/1998/Math/MathML"" display=""inline"" id=""d1e362"" alt",2020,vacuum_spacing_ang,vacuum thickness along the non-periodic axis,y,30,Å,vacuum space of 30 Å,
3,10.1016_j.cplett.2020.138229,"O<mml:math xmlns:mml=""http://www.w3.org/1998/Math/MathML"" display=""inline"" id=""d1e362"" alt",2020,basis_size,"NAO codes ONLY (SIESTA: DZP, TZP...). Write n/a for plane-wave codes.",y,DNP,,"unrestricted spin (DNP), and a numerical basis set of atomic orbitals with polarized functions",
4,10.1016_j.ijhydene.2024.03.016,First-principles study of penta-CN2 quantum dots for efficient Hydrogen Evolution Reaction,2024,code,"which DFT package (VASP, Quantum ESPRESSO, SIESTA, CASTEP, ...)",y,Gaussian16,,"employed the computational chemistry software Gaussian16[65] to calculate the electronic, structural, and HER catalytic properties",
4,10.1016_j.ijhydene.2024.03.016,First-principles study of penta-CN2 quantum dots for efficient Hydrogen Evolution Reaction,2024,xc_functional,"e.g. PBE, PBEsol, LDA, HSE06",y,B3LYP,,"The hybrid exchange-correlation functional B3LYP integrated with Becke’s three parameters (B3) exchange functional[66] and Lee, Yang, and Parr (LYP) non-local correlation functional[67] was chosen",
4,10.1016_j.ijhydene.2024.03.016,First-principles study of penta-CN2 quantum dots for efficient Hydrogen Evolution Reaction,2024,pseudopotential_type,"e.g. PAW, norm-conserving, ultrasoft",n/a,,,,"Gaussian all-electron calculation with 6-31G(d,p) basis, so no pseudopotential."
4,10.1016_j.ijhydene.2024.03.016,First-principles study of penta-CN2 quantum dots for efficient Hydrogen Evolution Reaction,2024,k_mesh,e.g. 15x15x1; write as printed,n,,,,"0D molecular calculation in Gaussian, so no k-mesh exists. Marked n following the never n/a rule."
4,10.1016_j.ijhydene.2024.03.016,First-principles study of penta-CN2 quantum dots for efficient Hydrogen Evolution Reaction,2024,cutoff,"the basis cutoff FOR THIS CODE: plane-wave cutoff (eV or Ry) for VASP/QE/CASTEP, or mesh cutoff (Ry) for SIESTA. One value only.",n,,,,Grid cutoff for DFT integration not stated.
4,10.1016_j.ijhydene.2024.03.016,First-principles study of penta-CN2 quantum dots for efficient Hydrogen Evolution Reaction,2024,force_threshold_ev_ang,force convergence criterion,n,,,,Not stated.
4,10.1016_j.ijhydene.2024.03.016,First-principles study of penta-CN2 quantum dots for efficient Hydrogen Evolution Reaction,2024,energy_threshold_ev,SCF / total-energy convergence criterion,n,,,,Not stated.
4,10.1016_j.ijhydene.2024.03.016,First-principles study of penta-CN2 quantum dots for efficient Hydrogen Evolution Reaction,2024,vacuum_spacing_ang,vacuum thickness along the non-periodic axis,n/a,,,,"Non-periodic Gaussian calculation, vacuum spacing does not apply."
4,10.1016_j.ijhydene.2024.03.016,First-principles study of penta-CN2 quantum dots for efficient Hydrogen Evolution Reaction,2024,basis_size,"NAO codes ONLY (SIESTA: DZP, TZP...). Write n/a for plane-wave codes.",y,"6-31G(d,p)",,"The split valence basis set 6-31G(d,p) with B3LYP has been found to be adequate",
5,10.1016_j.ssc.2015.12.012,Computing the band structure and energy gap of penta-graphene by using DFT and G0W0 approx,2016,code,"which DFT package (VASP, Quantum ESPRESSO, SIESTA, CASTEP, ...)",y,ABINIT,,"In this computation, we use ABINIT code",
5,10.1016_j.ssc.2015.12.012,Computing the band structure and energy gap of penta-graphene by using DFT and G0W0 approx,2016,xc_functional,"e.g. PBE, PBEsol, LDA, HSE06",y,DFT-GGA and DFT-LDA,,"In the following, we use DFT-GGA and DFT-LDA calculation in the form of different exchange-correlation (xc) functions",
5,10.1016_j.ssc.2015.12.012,Computing the band structure and energy gap of penta-graphene by using DFT and G0W0 approx,2016,pseudopotential_type,"e.g. PAW, norm-conserving, ultrasoft",y,Martins-Trouiller,,We use Martins-Trouiller pseudopotential [20].,
5,10.1016_j.ssc.2015.12.012,Computing the band structure and energy gap of penta-graphene by using DFT and G0W0 approx,2016,k_mesh,e.g. 15x15x1; write as printed,y,18 18 1,,The k point set is based on a 18 18 1 Monkhorst pack grid [21].,
5,10.1016_j.ssc.2015.12.012,Computing the band structure and energy gap of penta-graphene by using DFT and G0W0 approx,2016,cutoff,"the basis cutoff FOR THIS CODE: plane-wave cutoff (eV or Ry) for VASP/QE/CASTEP, or mesh cutoff (Ry) for SIESTA. One value only.",y,50,Ha,The plane wave basis set is50 Ha (Hartree),
5,10.1016_j.ssc.2015.12.012,Computing the band structure and energy gap of penta-graphene by using DFT and G0W0 approx,2016,force_threshold_ev_ang,force convergence criterion,n,,,,Not stated.
5,10.1016_j.ssc.2015.12.012,Computing the band structure and energy gap of penta-graphene by using DFT and G0W0 approx,2016,energy_threshold_ev,SCF / total-energy convergence criterion,n,,,,"Basis set cutoff convergence was tested to 1 meV/atom, but the SCF convergence threshold is not stated."
5,10.1016_j.ssc.2015.12.012,Computing the band structure and energy gap of penta-graphene by using DFT and G0W0 approx,2016,vacuum_spacing_ang,vacuum thickness along the non-periodic axis,y,10,Å,vacuum alone the z direction is 10 Å.,
5,10.1016_j.ssc.2015.12.012,Computing the band structure and energy gap of penta-graphene by using DFT and G0W0 approx,2016,basis_size,"NAO codes ONLY (SIESTA: DZP, TZP...). Write n/a for plane-wave codes.",n/a,,,,ABINIT is a plane-wave code
6,10.1021_acs.jpcc.5b04726,σ–π-Band Inversion in a Novel Two-Dimensional Material,2015,code,"which DFT package (VASP, Quantum ESPRESSO, SIESTA, CASTEP, ...)",y,VASP,,performed by using the plane-wave basis Vienna ab initio simulation package (VASP) code,
6,10.1021_acs.jpcc.5b04726,σ–π-Band Inversion in a Novel Two-Dimensional Material,2015,xc_functional,"e.g. PBE, PBEsol, LDA, HSE06",y,PBE,,implementing the Perdew-Burke-Ernzerhof exchange correlation functional,
6,10.1021_acs.jpcc.5b04726,σ–π-Band Inversion in a Novel Two-Dimensional Material,2015,pseudopotential_type,"e.g. PAW, norm-conserving, ultrasoft",y,PAW,,projector augmented wave method was used to describe the electron-ion interaction,
6,10.1021_acs.jpcc.5b04726,σ–π-Band Inversion in a Novel Two-Dimensional Material,2015,k_mesh,e.g. 15x15x1; write as printed,y,20×20×1,,A 20×20×1 Monkhorst-Pack grid was used for the sampling of the Brillouin zone,
6,10.1021_acs.jpcc.5b04726,σ–π-Band Inversion in a Novel Two-Dimensional Material,2015,cutoff,"the basis cutoff FOR THIS CODE: plane-wave cutoff (eV or Ry) for VASP/QE/CASTEP, or mesh cutoff (Ry) for SIESTA. One value only.",y,500,eV,The cutoff energy for plane waves was chosen to be 500 eV,
6,10.1021_acs.jpcc.5b04726,σ–π-Band Inversion in a Novel Two-Dimensional Material,2015,force_threshold_ev_ang,force convergence criterion,y,3,meV/Å,the convergence of force was set to 3 meV/Å,
6,10.1021_acs.jpcc.5b04726,σ–π-Band Inversion in a Novel Two-Dimensional Material,2015,energy_threshold_ev,SCF / total-energy convergence criterion,n,,,,Not stated.
6,10.1021_acs.jpcc.5b04726,σ–π-Band Inversion in a Novel Two-Dimensional Material,2015,vacuum_spacing_ang,vacuum thickness along the non-periodic axis,y,20,Å,the vacuum space to avoid interaction between periodical image cells was of at least 20 Å.,
6,10.1021_acs.jpcc.5b04726,σ–π-Band Inversion in a Novel Two-Dimensional Material,2015,basis_size,"NAO codes ONLY (SIESTA: DZP, TZP...). Write n/a for plane-wave codes.",n/a,,,,VASP is a plane-wave code
7,10.1021_acs.nanolett.6b01536,Hydrogenation of Penta-Graphene Leads to Unexpected Large Improvement in Thermal Conductiv,2016,code,"which DFT package (VASP, Quantum ESPRESSO, SIESTA, CASTEP, ...)",y,Quantum Espresso,,density functional theory (DFT) as implemented in Quantum Espresso.,
7,10.1021_acs.nanolett.6b01536,Hydrogenation of Penta-Graphene Leads to Unexpected Large Improvement in Thermal Conductiv,2016,xc_functional,"e.g. PBE, PBEsol, LDA, HSE06",y,GGA / PBE,,"generalized gradient approximation (GGA) 60,61 , parameterized by Perdew-Burke-Ernzerhof",
7,10.1021_acs.nanolett.6b01536,Hydrogenation of Penta-Graphene Leads to Unexpected Large Improvement in Thermal Conductiv,2016,pseudopotential_type,"e.g. PAW, norm-conserving, ultrasoft",y,ultrasoft pseudopotentials,,ultrasoft pseudopotentials were used,
7,10.1021_acs.nanolett.6b01536,Hydrogenation of Penta-Graphene Leads to Unexpected Large Improvement in Thermal Conductiv,2016,k_mesh,e.g. 15x15x1; write as printed,y,8 x 8 x 1,,generate an 8 x 8 x 1 k-point mesh,
7,10.1021_acs.nanolett.6b01536,Hydrogenation of Penta-Graphene Leads to Unexpected Large Improvement in Thermal Conductiv,2016,cutoff,"the basis cutoff FOR THIS CODE: plane-wave cutoff (eV or Ry) for VASP/QE/CASTEP, or mesh cutoff (Ry) for SIESTA. One value only.",y,50,Rydberg,A planewave basis was employed with a cut-off energy of 50 Rydberg,
7,10.1021_acs.nanolett.6b01536,Hydrogenation of Penta-Graphene Leads to Unexpected Large Improvement in Thermal Conductiv,2016,force_threshold_ev_ang,force convergence criterion,n,,,,Not stated.
7,10.1021_acs.nanolett.6b01536,Hydrogenation of Penta-Graphene Leads to Unexpected Large Improvement in Thermal Conductiv,2016,energy_threshold_ev,SCF / total-energy convergence criterion,n,,,,Not stated.
7,10.1021_acs.nanolett.6b01536,Hydrogenation of Penta-Graphene Leads to Unexpected Large Improvement in Thermal Conductiv,2016,vacuum_spacing_ang,vacuum thickness along the non-periodic axis,n,,,,Not explicitly stated.
7,10.1021_acs.nanolett.6b01536,Hydrogenation of Penta-Graphene Leads to Unexpected Large Improvement in Thermal Conductiv,2016,basis_size,"NAO codes ONLY (SIESTA: DZP, TZP...). Write n/a for plane-wave codes.",n/a,,,,Quantum Espresso is a plane-wave code
8,10.1021_acs.nanolett.6b03921,Novel Two-Dimensional Silicon Dioxide with in-Plane Negative Poisson’s Ratio,2017,code,"which DFT package (VASP, Quantum ESPRESSO, SIESTA, CASTEP, ...)",y,VASP,,implemented in the Vienna Ab-initio Simulation Package (VASP),
8,10.1021_acs.nanolett.6b03921,Novel Two-Dimensional Silicon Dioxide with in-Plane Negative Poisson’s Ratio,2017,xc_functional,"e.g. PBE, PBEsol, LDA, HSE06",y,PBE / HSE06,,"using the Perdew-Burke-Ernzerhof (PBE) exchange-correlation functional ... we adopt the screened hybrid functional of Heyd, Scuseria, and Ernzerhof (HSE06)",
8,10.1021_acs.nanolett.6b03921,Novel Two-Dimensional Silicon Dioxide with in-Plane Negative Poisson’s Ratio,2017,pseudopotential_type,"e.g. PAW, norm-conserving, ultrasoft",y,PAW,,projector-augmented wave (PAW) potentials,
8,10.1021_acs.nanolett.6b03921,Novel Two-Dimensional Silicon Dioxide with in-Plane Negative Poisson’s Ratio,2017,k_mesh,e.g. 15x15x1; write as printed,n,,,,Integration method mentioned but k-mesh dimensions not explicitly stated.
8,10.1021_acs.nanolett.6b03921,Novel Two-Dimensional Silicon Dioxide with in-Plane Negative Poisson’s Ratio,2017,cutoff,"the basis cutoff FOR THIS CODE: plane-wave cutoff (eV or Ry) for VASP/QE/CASTEP, or mesh cutoff (Ry) for SIESTA. One value only.",y,800,eV,The kinetic energy cut-oﬀ was 800 eV,
8,10.1021_acs.nanolett.6b03921,Novel Two-Dimensional Silicon Dioxide with in-Plane Negative Poisson’s Ratio,2017,force_threshold_ev_ang,force convergence criterion,y,0.1,meV/Å,a maximum Hellmann-Feynman forces is less than 0.1 meV/Å,
8,10.1021_acs.nanolett.6b03921,Novel Two-Dimensional Silicon Dioxide with in-Plane Negative Poisson’s Ratio,2017,energy_threshold_ev,SCF / total-energy convergence criterion,y,10^-8,eV,Energy convergence value in self-consistent ﬁeld (scf) loop was selected as 10−8 eV,
8,10.1021_acs.nanolett.6b03921,Novel Two-Dimensional Silicon Dioxide with in-Plane Negative Poisson’s Ratio,2017,vacuum_spacing_ang,vacuum thickness along the non-periodic axis,n,,,,Not explicitly stated.
8,10.1021_acs.nanolett.6b03921,Novel Two-Dimensional Silicon Dioxide with in-Plane Negative Poisson’s Ratio,2017,basis_size,"NAO codes ONLY (SIESTA: DZP, TZP...). Write n/a for plane-wave codes.",n/a,,,,VASP is a plane-wave code
9,10.1021_jacs.7b04865,PdSe<sub>2</sub>: Pentagonal Two-Dimensional Layers with High Air Stability for Electronic,2017,code,"which DFT package (VASP, Quantum ESPRESSO, SIESTA, CASTEP, ...)",y,VASP,,Plane-wave density functional theory (DFT) calculations were performed using the VASP package,
9,10.1021_jacs.7b04865,PdSe<sub>2</sub>: Pentagonal Two-Dimensional Layers with High Air Stability for Electronic,2017,xc_functional,"e.g. PBE, PBEsol, LDA, HSE06",y,PBE / optPBE-vdW,,using the Perdew-Burke-Ernzerhof (PBE) functional... vdW density functional method optPBE-vdW,
9,10.1021_jacs.7b04865,PdSe<sub>2</sub>: Pentagonal Two-Dimensional Layers with High Air Stability for Electronic,2017,pseudopotential_type,"e.g. PAW, norm-conserving, ultrasoft",y,PAW,,equipped with the projector-augmented-wave (PAW) method,
9,10.1021_jacs.7b04865,PdSe<sub>2</sub>: Pentagonal Two-Dimensional Layers with High Air Stability for Electronic,2017,k_mesh,e.g. 15x15x1; write as printed,y,12 x 12 x 8,,and the 12×12×8 k-point sampling,
9,10.1021_jacs.7b04865,PdSe<sub>2</sub>: Pentagonal Two-Dimensional Layers with High Air Stability for Electronic,2017,cutoff,"the basis cutoff FOR THIS CODE: plane-wave cutoff (eV or Ry) for VASP/QE/CASTEP, or mesh cutoff (Ry) for SIESTA. One value only.",y,350,eV,with a cutoff energy of 350 eV,
9,10.1021_jacs.7b04865,PdSe<sub>2</sub>: Pentagonal Two-Dimensional Layers with High Air Stability for Electronic,2017,force_threshold_ev_ang,force convergence criterion,y,0.001,eV/Å,until the residual forces were below 0.001 eV/Å,
9,10.1021_jacs.7b04865,PdSe<sub>2</sub>: Pentagonal Two-Dimensional Layers with High Air Stability for Electronic,2017,energy_threshold_ev,SCF / total-energy convergence criterion,n,,,,Not explicitly stated.
9,10.1021_jacs.7b04865,PdSe<sub>2</sub>: Pentagonal Two-Dimensional Layers with High Air Stability for Electronic,2017,vacuum_spacing_ang,vacuum thickness along the non-periodic axis,n,,,,Not explicitly stated.
9,10.1021_jacs.7b04865,PdSe<sub>2</sub>: Pentagonal Two-Dimensional Layers with High Air Stability for Electronic,2017,basis_size,"NAO codes ONLY (SIESTA: DZP, TZP...). Write n/a for plane-wave codes.",n/a,,,,VASP is a plane-wave code
10,10.1038_s41535-025-00793-0,Altermagnetism and strain induced altermagnetic transition in Cairo pentagonal monolayer,2025,code,"which DFT package (VASP, Quantum ESPRESSO, SIESTA, CASTEP, ...)",y,VASP,,We use Vienna Ab initio Simulation Package (VASP)[53] for all density functional theory calculations.,
10,10.1038_s41535-025-00793-0,Altermagnetism and strain induced altermagnetic transition in Cairo pentagonal monolayer,2025,xc_functional,"e.g. PBE, PBEsol, LDA, HSE06",y,GGA / PBE,,generalized gradient approximation (GGA) with the Perdew-Burke-Ernzerhof (PBE) functional[54] was applied,
10,10.1038_s41535-025-00793-0,Altermagnetism and strain induced altermagnetic transition in Cairo pentagonal monolayer,2025,pseudopotential_type,"e.g. PAW, norm-conserving, ultrasoft",y,PAW,,Projector-augmented-wave (PAW) potential was utilized,
10,10.1038_s41535-025-00793-0,Altermagnetism and strain induced altermagnetic transition in Cairo pentagonal monolayer,2025,k_mesh,e.g. 15x15x1; write as printed,n,,,,Not explicitly stated.
10,10.1038_s41535-025-00793-0,Altermagnetism and strain induced altermagnetic transition in Cairo pentagonal monolayer,2025,cutoff,"the basis cutoff FOR THIS CODE: plane-wave cutoff (eV or Ry) for VASP/QE/CASTEP, or mesh cutoff (Ry) for SIESTA. One value only.",y,600,eV,The energy cutoff was set to be 600 eV.,
10,10.1038_s41535-025-00793-0,Altermagnetism and strain induced altermagnetic transition in Cairo pentagonal monolayer,2025,force_threshold_ev_ang,force convergence criterion,n,,,,Not explicitly stated.
10,10.1038_s41535-025-00793-0,Altermagnetism and strain induced altermagnetic transition in Cairo pentagonal monolayer,2025,energy_threshold_ev,SCF / total-energy convergence criterion,n,,,,Not explicitly stated.
10,10.1038_s41535-025-00793-0,Altermagnetism and strain induced altermagnetic transition in Cairo pentagonal monolayer,2025,vacuum_spacing_ang,vacuum thickness along the non-periodic axis,n,,,,Not explicitly stated.
10,10.1038_s41535-025-00793-0,Altermagnetism and strain induced altermagnetic transition in Cairo pentagonal monolayer,2025,basis_size,"NAO codes ONLY (SIESTA: DZP, TZP...). Write n/a for plane-wave codes.",n/a,,,,VASP is a plane-wave code
11,10.1038_s41598-020-64791-x,Tuning Penta-Graphene Electronic Properties Through Engineered Line Defects,2020,code,"which DFT package (VASP, Quantum ESPRESSO, SIESTA, CASTEP, ...)",y,SIESTA,,All calculations were performed with the SIESTA software suite.,
11,10.1038_s41598-020-64791-x,Tuning Penta-Graphene Electronic Properties Through Engineered Line Defects,2020,xc_functional,"e.g. PBE, PBEsol, LDA, HSE06",y,GGA / PBE,,"Generalized Gradient Approximation (GGA) scheme as proposed for Perdew, Burke, and Ernzerhof (GGA/PBE)",
11,10.1038_s41598-020-64791-x,Tuning Penta-Graphene Electronic Properties Through Engineered Line Defects,2020,pseudopotential_type,"e.g. PAW, norm-conserving, ultrasoft",y,Troullier-Martins,,Relativistic pseudopotentials parameterized within the Troullier-Martins formalism were also considered.,
11,10.1038_s41598-020-64791-x,Tuning Penta-Graphene Electronic Properties Through Engineered Line Defects,2020,k_mesh,e.g. 15x15x1; write as printed,y,21 x 21 x 3,,Monkhorst pack grid of 21 x 21 x 3 was used.,
11,10.1038_s41598-020-64791-x,Tuning Penta-Graphene Electronic Properties Through Engineered Line Defects,2020,cutoff,"the basis cutoff FOR THIS CODE: plane-wave cutoff (eV or Ry) for VASP/QE/CASTEP, or mesh cutoff (Ry) for SIESTA. One value only.",y,200,Ry,A mesh cutoﬀ of 200 Ry was chosen as a parameter for our calculations.,
11,10.1038_s41598-020-64791-x,Tuning Penta-Graphene Electronic Properties Through Engineered Line Defects,2020,force_threshold_ev_ang,force convergence criterion,y,0.001,eV/Å,The force criteria convergence was 0.001 eV/ Å.,
11,10.1038_s41598-020-64791-x,Tuning Penta-Graphene Electronic Properties Through Engineered Line Defects,2020,energy_threshold_ev,SCF / total-energy convergence criterion,y,0.00001,eV,total energy was set to 0.00001 eV,
11,10.1038_s41598-020-64791-x,Tuning Penta-Graphene Electronic Properties Through Engineered Line Defects,2020,vacuum_spacing_ang,vacuum thickness along the non-periodic axis,n,,,,Not explicitly stated.
11,10.1038_s41598-020-64791-x,Tuning Penta-Graphene Electronic Properties Through Engineered Line Defects,2020,basis_size,"NAO codes ONLY (SIESTA: DZP, TZP...). Write n/a for plane-wave codes.",y,DZP,,along with the DZP basis set.,
12,10.1038_srep31840,Penta-BxNy sheet: a density functional theory study of two-dimensional material,2016,code,"which DFT package (VASP, Quantum ESPRESSO, SIESTA, CASTEP, ...)",y,VASP,,implemented in the Vienna ab initio simulation package (VASP),
12,10.1038_srep31840,Penta-BxNy sheet: a density functional theory study of two-dimensional material,2016,xc_functional,"e.g. PBE, PBEsol, LDA, HSE06",y,GGA / PBE,,"generalized gradient approximation with Perdew, Burke, and Ernzerhof (PBE) parameterization",
12,10.1038_srep31840,Penta-BxNy sheet: a density functional theory study of two-dimensional material,2016,pseudopotential_type,"e.g. PAW, norm-conserving, ultrasoft",y,PAW,,The projector augmented-wave (PAW) method was used,
12,10.1038_srep31840,Penta-BxNy sheet: a density functional theory study of two-dimensional material,2016,k_mesh,e.g. 15x15x1; write as printed,y,15 x 15 x 1,,The Monkhorst-Pack k-mesh of 15 x 15 x 1 was applied,
12,10.1038_srep31840,Penta-BxNy sheet: a density functional theory study of two-dimensional material,2016,cutoff,"the basis cutoff FOR THIS CODE: plane-wave cutoff (eV or Ry) for VASP/QE/CASTEP, or mesh cutoff (Ry) for SIESTA. One value only.",y,400,eV,The cutoff energy for plane-wave basis set was chosen to be 400 eV.,
12,10.1038_srep31840,Penta-BxNy sheet: a density functional theory study of two-dimensional material,2016,force_threshold_ev_ang,force convergence criterion,y,0.02,eV/Å,All the atoms were fully relaxed with force converge up to 0.02 eV/Å.,
12,10.1038_srep31840,Penta-BxNy sheet: a density functional theory study of two-dimensional material,2016,energy_threshold_ev,SCF / total-energy convergence criterion,y,10^-5,eV,The calculated total energy was converged to 10^-5 eV.,
12,10.1038_srep31840,Penta-BxNy sheet: a density functional theory study of two-dimensional material,2016,vacuum_spacing_ang,vacuum thickness along the non-periodic axis,y,15,Å,with a 15 Å vacuum in z direction,
12,10.1038_srep31840,Penta-BxNy sheet: a density functional theory study of two-dimensional material,2016,basis_size,"NAO codes ONLY (SIESTA: DZP, TZP...). Write n/a for plane-wave codes.",n/a,,,,VASP is a plane-wave code
13,10.1038_srep33060,Half-metallicity and ferromagnetism in penta-AlN2 nanostructure,2016,code,"which DFT package (VASP, Quantum ESPRESSO, SIESTA, CASTEP, ...)",y,VASP,,using the Vienna ab initio Simulation Package (VASP)[50] code,
13,10.1038_srep33060,Half-metallicity and ferromagnetism in penta-AlN2 nanostructure,2016,xc_functional,"e.g. PBE, PBEsol, LDA, HSE06",y,GGA / PBE,,"generalized gradient approximation with Perdew, Burke, and Ernzerhof (PBE) parameterization",
13,10.1038_srep33060,Half-metallicity and ferromagnetism in penta-AlN2 nanostructure,2016,pseudopotential_type,"e.g. PAW, norm-conserving, ultrasoft",y,PAW,,projector augmented wave psedopotential (PAW)[52] method,
13,10.1038_srep33060,Half-metallicity and ferromagnetism in penta-AlN2 nanostructure,2016,k_mesh,e.g. 15x15x1; write as printed,y,15 x 15 x 1,,Monkhorst-Pack scheme[53] of a 15 x 15 x 1 Γ -centered k point mesh was applied,
13,10.1038_srep33060,Half-metallicity and ferromagnetism in penta-AlN2 nanostructure,2016,cutoff,"the basis cutoff FOR THIS CODE: plane-wave cutoff (eV or Ry) for VASP/QE/CASTEP, or mesh cutoff (Ry) for SIESTA. One value only.",y,400,eV,The cutoff energy for the plane-wave basis set was chosen to be 400 eV.,
13,10.1038_srep33060,Half-metallicity and ferromagnetism in penta-AlN2 nanostructure,2016,force_threshold_ev_ang,force convergence criterion,y,0.02,eV/Å,"energy and force convergences up to 10^-5 eV and 0.02 eV/Å, respectively.",
13,10.1038_srep33060,Half-metallicity and ferromagnetism in penta-AlN2 nanostructure,2016,energy_threshold_ev,SCF / total-energy convergence criterion,y,10^-5,eV,"energy and force convergences up to 10^-5 eV and 0.02 eV/Å, respectively.",
13,10.1038_srep33060,Half-metallicity and ferromagnetism in penta-AlN2 nanostructure,2016,vacuum_spacing_ang,vacuum thickness along the non-periodic axis,y,15,Å,a vacuum space of of 15 Å in z direction was adopt,
13,10.1038_srep33060,Half-metallicity and ferromagnetism in penta-AlN2 nanostructure,2016,basis_size,"NAO codes ONLY (SIESTA: DZP, TZP...). Write n/a for plane-wave codes.",n/a,,,,VASP is a plane-wave code
14,10.1039_c7nr06835b,Novel penta-graphene nanotubes: strain-induced structural and semiconductor–metal transiti,2017,code,"which DFT package (VASP, Quantum ESPRESSO, SIESTA, CASTEP, ...)",n,,,,Full text missing from the txt file (only abstract and references provided).
14,10.1039_c7nr06835b,Novel penta-graphene nanotubes: strain-induced structural and semiconductor–metal transiti,2017,xc_functional,"e.g. PBE, PBEsol, LDA, HSE06",n,,,,Full text missing from the txt file (only abstract and references provided).
14,10.1039_c7nr06835b,Novel penta-graphene nanotubes: strain-induced structural and semiconductor–metal transiti,2017,pseudopotential_type,"e.g. PAW, norm-conserving, ultrasoft",n,,,,Full text missing from the txt file (only abstract and references provided).
14,10.1039_c7nr06835b,Novel penta-graphene nanotubes: strain-induced structural and semiconductor–metal transiti,2017,k_mesh,e.g. 15x15x1; write as printed,n,,,,Full text missing from the txt file (only abstract and references provided).
14,10.1039_c7nr06835b,Novel penta-graphene nanotubes: strain-induced structural and semiconductor–metal transiti,2017,cutoff,"the basis cutoff FOR THIS CODE: plane-wave cutoff (eV or Ry) for VASP/QE/CASTEP, or mesh cutoff (Ry) for SIESTA. One value only.",n,,,,Full text missing from the txt file (only abstract and references provided).
14,10.1039_c7nr06835b,Novel penta-graphene nanotubes: strain-induced structural and semiconductor–metal transiti,2017,force_threshold_ev_ang,force convergence criterion,n,,,,Full text missing from the txt file (only abstract and references provided).
14,10.1039_c7nr06835b,Novel penta-graphene nanotubes: strain-induced structural and semiconductor–metal transiti,2017,energy_threshold_ev,SCF / total-energy convergence criterion,n,,,,Full text missing from the txt file (only abstract and references provided).
14,10.1039_c7nr06835b,Novel penta-graphene nanotubes: strain-induced structural and semiconductor–metal transiti,2017,vacuum_spacing_ang,vacuum thickness along the non-periodic axis,n,,,,Full text missing from the txt file (only abstract and references provided).
14,10.1039_c7nr06835b,Novel penta-graphene nanotubes: strain-induced structural and semiconductor–metal transiti,2017,basis_size,"NAO codes ONLY (SIESTA: DZP, TZP...). Write n/a for plane-wave codes.",n,,,,Full text missing from the txt file (only abstract and references provided).
15,10.1063_1.4930086,"Pentagonal monolayer crystals of carbon, boron nitride, and silver azide",2015,code,"which DFT package (VASP, Quantum ESPRESSO, SIESTA, CASTEP, ...)",y,VASP,,using the Vienna Ab initio Simulation Package (VASP) package.,
15,10.1063_1.4930086,"Pentagonal monolayer crystals of carbon, boron nitride, and silver azide",2015,xc_functional,"e.g. PBE, PBEsol, LDA, HSE06",y,GGA / PBE,,Perdew-Burke-Ernzerhof (PBE) exchange-correlation functional of the generalized gradient approximation (GGA).,
15,10.1063_1.4930086,"Pentagonal monolayer crystals of carbon, boron nitride, and silver azide",2015,pseudopotential_type,"e.g. PAW, norm-conserving, ultrasoft",n,,,,Not explicitly stated.
15,10.1063_1.4930086,"Pentagonal monolayer crystals of carbon, boron nitride, and silver azide",2015,k_mesh,e.g. 15x15x1; write as printed,y,5 x 5 x 1,,Brillouin zone integration was performed by using a set of 5 x 5 x 1 Gamma-centered k-point sampling mesh.,
15,10.1063_1.4930086,"Pentagonal monolayer crystals of carbon, boron nitride, and silver azide",2015,cutoff,"the basis cutoff FOR THIS CODE: plane-wave cutoff (eV or Ry) for VASP/QE/CASTEP, or mesh cutoff (Ry) for SIESTA. One value only.",y,500,eV,The energy cut-oﬀ value for plane wave basis set was taken to be 500 eV.,
15,10.1063_1.4930086,"Pentagonal monolayer crystals of carbon, boron nitride, and silver azide",2015,force_threshold_ev_ang,force convergence criterion,n,,,,Not explicitly stated.
15,10.1063_1.4930086,"Pentagonal monolayer crystals of carbon, boron nitride, and silver azide",2015,energy_threshold_ev,SCF / total-energy convergence criterion,y,10^-5,eV,The global break condition for the electronic self consistent-loop was considered to be 10^-5 eV.,
15,10.1063_1.4930086,"Pentagonal monolayer crystals of carbon, boron nitride, and silver azide",2015,vacuum_spacing_ang,vacuum thickness along the non-periodic axis,n,,,,Not explicitly stated.
15,10.1063_1.4930086,"Pentagonal monolayer crystals of carbon, boron nitride, and silver azide",2015,basis_size,"NAO codes ONLY (SIESTA: DZP, TZP...). Write n/a for plane-wave codes.",n/a,,,,VASP is a plane-wave code
16,10.1080_14686996.2016.1219970,Studying the electronic and phononic structure of penta-graphane,2016,code,"which DFT package (VASP, Quantum ESPRESSO, SIESTA, CASTEP, ...)",y,ABINIT,,All calculations in this work are carried out within the ab initio ABINIT package [14].,
16,10.1080_14686996.2016.1219970,Studying the electronic and phononic structure of penta-graphane,2016,xc_functional,"e.g. PBE, PBEsol, LDA, HSE06",y,GGA / RPBE,,using DFT-GGA by the “Revised Perdew–Burke–Ernzerhof” type (RPBE) functional [21],
16,10.1080_14686996.2016.1219970,Studying the electronic and phononic structure of penta-graphane,2016,pseudopotential_type,"e.g. PAW, norm-conserving, ultrasoft",y,Martins-Trouiller,,"Here, we apply Martins-Trouiller pseudopotential [23]",
16,10.1080_14686996.2016.1219970,Studying the electronic and phononic structure of penta-graphane,2016,k_mesh,e.g. 15x15x1; write as printed,y,18 x 18 x 1,,The Brillouin zone sampling k point mesh parameter is 18 18 1,
16,10.1080_14686996.2016.1219970,Studying the electronic and phononic structure of penta-graphane,2016,cutoff,"the basis cutoff FOR THIS CODE: plane-wave cutoff (eV or Ry) for VASP/QE/CASTEP, or mesh cutoff (Ry) for SIESTA. One value only.",y,50,Hartree,the plane wave basis set is used with a cutoff energy of 50 Hartree,
16,10.1080_14686996.2016.1219970,Studying the electronic and phononic structure of penta-graphane,2016,force_threshold_ev_ang,force convergence criterion,n,,,,Not explicitly stated.
16,10.1080_14686996.2016.1219970,Studying the electronic and phononic structure of penta-graphane,2016,energy_threshold_ev,SCF / total-energy convergence criterion,y,1,meV/atom,which total energy converges to 1 meV/atom.,
16,10.1080_14686996.2016.1219970,Studying the electronic and phononic structure of penta-graphane,2016,vacuum_spacing_ang,vacuum thickness along the non-periodic axis,y,10,Å,the vacuum along the z direction is taken to be 10Å,
16,10.1080_14686996.2016.1219970,Studying the electronic and phononic structure of penta-graphane,2016,basis_size,"NAO codes ONLY (SIESTA: DZP, TZP...). Write n/a for plane-wave codes.",n/a,,,,ABINIT is a plane-wave code
17,10.1088_1367-2630_ac231c,Large bulk photovoltaic effect and second-harmonic generation in few-layer pentagonal semi,2021,code,"which DFT package (VASP, Quantum ESPRESSO, SIESTA, CASTEP, ...)",y,VASP,,"as implemented in the Vienna ab-initio simulation package (VASP) [23, 24].",
17,10.1088_1367-2630_ac231c,Large bulk photovoltaic effect and second-harmonic generation in few-layer pentagonal semi,2021,xc_functional,"e.g. PBE, PBEsol, LDA, HSE06",y,GGA / PBE,,adopt the generalized gradient approximation (GGA) of Perdew-Burke-Ernzerhof parametrization [25].,
17,10.1088_1367-2630_ac231c,Large bulk photovoltaic effect and second-harmonic generation in few-layer pentagonal semi,2021,pseudopotential_type,"e.g. PAW, norm-conserving, ultrasoft",y,PAW,,accurate projector augmented wave method [22],
17,10.1088_1367-2630_ac231c,Large bulk photovoltaic effect and second-harmonic generation in few-layer pentagonal semi,2021,k_mesh,e.g. 15x15x1; write as printed,y,18 × 18 × 1,,A k-point mesh of 18 × 18 × 1 is used in the Brillouin zone (BZ) integrations,
17,10.1088_1367-2630_ac231c,Large bulk photovoltaic effect and second-harmonic generation in few-layer pentagonal semi,2021,cutoff,"the basis cutoff FOR THIS CODE: plane-wave cutoff (eV or Ry) for VASP/QE/CASTEP, or mesh cutoff (Ry) for SIESTA. One value only.",y,400,eV,A large plane-wave energy cutoﬀ of 400 eV is used,
17,10.1088_1367-2630_ac231c,Large bulk photovoltaic effect and second-harmonic generation in few-layer pentagonal semi,2021,force_threshold_ev_ang,force convergence criterion,n/a,,,"Thus, we use the experimental bulk structural parameters in the present calculations.","No geometry relaxation was performed, they used experimental structures."
17,10.1088_1367-2630_ac231c,Large bulk photovoltaic effect and second-harmonic generation in few-layer pentagonal semi,2021,energy_threshold_ev,SCF / total-energy convergence criterion,y,10^-6,eV,with the energy convergence up to 10−6 eV between the successive iterations.,
17,10.1088_1367-2630_ac231c,Large bulk photovoltaic effect and second-harmonic generation in few-layer pentagonal semi,2021,vacuum_spacing_ang,vacuum thickness along the non-periodic axis,y,15,Å,with the separations of neighboring slabs being at least 15 Å.,
17,10.1088_1367-2630_ac231c,Large bulk photovoltaic effect and second-harmonic generation in few-layer pentagonal semi,2021,basis_size,"NAO codes ONLY (SIESTA: DZP, TZP...). Write n/a for plane-wave codes.",n/a,,,,VASP is a plane-wave code
18,10.1103_physrevb.88.054424,"<i>Ab initio</i>investigation of the exchange interactions in Bi<mml:math xmlns:mml=""http:",2013,code,"which DFT package (VASP, Quantum ESPRESSO, SIESTA, CASTEP, ...)",y,LMTO,,We used the linearized muﬃn-tin orbitals method (LMTO) [9],
18,10.1103_physrevb.88.054424,"<i>Ab initio</i>investigation of the exchange interactions in Bi<mml:math xmlns:mml=""http:",2013,xc_functional,"e.g. PBE, PBEsol, LDA, HSE06",y,LSDA / von Barth-Hedin,,von Barth-Hedin version of the exchange correlation potential [10],
18,10.1103_physrevb.88.054424,"<i>Ab initio</i>investigation of the exchange interactions in Bi<mml:math xmlns:mml=""http:",2013,pseudopotential_type,"e.g. PAW, norm-conserving, ultrasoft",n/a,,,,LMTO is an all-electron method.
18,10.1103_physrevb.88.054424,"<i>Ab initio</i>investigation of the exchange interactions in Bi<mml:math xmlns:mml=""http:",2013,k_mesh,e.g. 15x15x1; write as printed,y,144,,The mesh of 144 k-points was used in the course of the self consistency.,Total number of k-points.
18,10.1103_physrevb.88.054424,"<i>Ab initio</i>investigation of the exchange interactions in Bi<mml:math xmlns:mml=""http:",2013,cutoff,"the basis cutoff FOR THIS CODE: plane-wave cutoff (eV or Ry) for VASP/QE/CASTEP, or mesh cutoff (Ry) for SIESTA. One value only.",n/a,,,,LMTO is not a plane-wave method.
18,10.1103_physrevb.88.054424,"<i>Ab initio</i>investigation of the exchange interactions in Bi<mml:math xmlns:mml=""http:",2013,force_threshold_ev_ang,force convergence criterion,n/a,,,,"Experimental structure was used, no relaxation performed."
18,10.1103_physrevb.88.054424,"<i>Ab initio</i>investigation of the exchange interactions in Bi<mml:math xmlns:mml=""http:",2013,energy_threshold_ev,SCF / total-energy convergence criterion,n,,,,Not explicitly stated.
18,10.1103_physrevb.88.054424,"<i>Ab initio</i>investigation of the exchange interactions in Bi<mml:math xmlns:mml=""http:",2013,vacuum_spacing_ang,vacuum thickness along the non-periodic axis,n/a,,,,The material is a 3D bulk crystal.
18,10.1103_physrevb.88.054424,"<i>Ab initio</i>investigation of the exchange interactions in Bi<mml:math xmlns:mml=""http:",2013,basis_size,"NAO codes ONLY (SIESTA: DZP, TZP...). Write n/a for plane-wave codes.",n/a,,,,LMTO is not an NAO code.
19,10.1103_physrevb.96.094420,"Spin-reorientation transitions in the Cairo pentagonal magnet <mml:math xmlns:mml=""http://",2017,code,"which DFT package (VASP, Quantum ESPRESSO, SIESTA, CASTEP, ...)",y,"FPLO, VASP",,"performed in the FPLO [49] and VASP [50, 51] codes.",
19,10.1103_physrevb.96.094420,"Spin-reorientation transitions in the Cairo pentagonal magnet <mml:math xmlns:mml=""http://",2017,xc_functional,"e.g. PBE, PBEsol, LDA, HSE06",y,GGA / PBE,,We chose the Perdew-Burke-Ernzerhof (PBE) ﬂavor of the exchange-correlation potential [48],
19,10.1103_physrevb.96.094420,"Spin-reorientation transitions in the Cairo pentagonal magnet <mml:math xmlns:mml=""http://",2017,pseudopotential_type,"e.g. PAW, norm-conserving, ultrasoft",n,,,,Not explicitly stated.
19,10.1103_physrevb.96.094420,"Spin-reorientation transitions in the Cairo pentagonal magnet <mml:math xmlns:mml=""http://",2017,k_mesh,e.g. 15x15x1; write as printed,n,,,,Not explicitly stated.
19,10.1103_physrevb.96.094420,"Spin-reorientation transitions in the Cairo pentagonal magnet <mml:math xmlns:mml=""http://",2017,cutoff,"the basis cutoff FOR THIS CODE: plane-wave cutoff (eV or Ry) for VASP/QE/CASTEP, or mesh cutoff (Ry) for SIESTA. One value only.",n,,,,Not explicitly stated.
19,10.1103_physrevb.96.094420,"Spin-reorientation transitions in the Cairo pentagonal magnet <mml:math xmlns:mml=""http://",2017,force_threshold_ev_ang,force convergence criterion,n,,,,Not explicitly stated.
19,10.1103_physrevb.96.094420,"Spin-reorientation transitions in the Cairo pentagonal magnet <mml:math xmlns:mml=""http://",2017,energy_threshold_ev,SCF / total-energy convergence criterion,n,,,,Not explicitly stated.
19,10.1103_physrevb.96.094420,"Spin-reorientation transitions in the Cairo pentagonal magnet <mml:math xmlns:mml=""http://",2017,vacuum_spacing_ang,vacuum thickness along the non-periodic axis,n/a,,,,The material is a 3D bulk crystal.
19,10.1103_physrevb.96.094420,"Spin-reorientation transitions in the Cairo pentagonal magnet <mml:math xmlns:mml=""http://",2017,basis_size,"NAO codes ONLY (SIESTA: DZP, TZP...). Write n/a for plane-wave codes.",n/a,,,,VASP is a plane-wave code
20,10.1103_physrevb.98.085437,"Electronic properties of a π-conjugated Cairo pentagonal lattice: Direct band gap, ultrahi",2018,code,"which DFT package (VASP, Quantum ESPRESSO, SIESTA, CASTEP, ...)",y,VASP,,using the Vienna ab initio simulation package (VASP) [18-20].,
20,10.1103_physrevb.98.085437,"Electronic properties of a π-conjugated Cairo pentagonal lattice: Direct band gap, ultrahi",2018,xc_functional,"e.g. PBE, PBEsol, LDA, HSE06",y,GGA / PBE / HSE06,,A generalized gradient approximation (GGA) [24] in the form of Perdew-Burke-Ernzerhof (PBE) was employed for the structural optimization. [...] a hybrid functional in the form of Heyd-Scuseria-Ernzerhof (HSE06) [27] was also employed,
20,10.1103_physrevb.98.085437,"Electronic properties of a π-conjugated Cairo pentagonal lattice: Direct band gap, ultrahi",2018,pseudopotential_type,"e.g. PAW, norm-conserving, ultrasoft",y,PAW,,"The electron-ion interaction was described by a projector augmented wave (PAW) approach [22, 23].",
20,10.1103_physrevb.98.085437,"Electronic properties of a π-conjugated Cairo pentagonal lattice: Direct band gap, ultrahi",2018,k_mesh,e.g. 15x15x1; write as printed,y,7 × 7 × 1,,The Brillouin zone (BZ) was sampled by using 7×7×1 k-point mesh in structural optimization,
20,10.1103_physrevb.98.085437,"Electronic properties of a π-conjugated Cairo pentagonal lattice: Direct band gap, ultrahi",2018,cutoff,"the basis cutoff FOR THIS CODE: plane-wave cutoff (eV or Ry) for VASP/QE/CASTEP, or mesh cutoff (Ry) for SIESTA. One value only.",y,600,eV,The energy cutoff of the plane-wave basis set [21] was 600 eV.,
20,10.1103_physrevb.98.085437,"Electronic properties of a π-conjugated Cairo pentagonal lattice: Direct band gap, ultrahi",2018,force_threshold_ev_ang,force convergence criterion,y,10^-3,eV/Å,until the residual forces on each atom are smaller than 10-3 eV/Å.,
20,10.1103_physrevb.98.085437,"Electronic properties of a π-conjugated Cairo pentagonal lattice: Direct band gap, ultrahi",2018,energy_threshold_ev,SCF / total-energy convergence criterion,y,10^-8,eV,The criterion for energy convergence is 10-8 eV/cell.,
20,10.1103_physrevb.98.085437,"Electronic properties of a π-conjugated Cairo pentagonal lattice: Direct band gap, ultrahi",2018,vacuum_spacing_ang,vacuum thickness along the non-periodic axis,y,30,Å,a large vacuum space of 30 Å was applied along the z-direction,
20,10.1103_physrevb.98.085437,"Electronic properties of a π-conjugated Cairo pentagonal lattice: Direct band gap, ultrahi",2018,basis_size,"NAO codes ONLY (SIESTA: DZP, TZP...). Write n/a for plane-wave codes.",n/a,,,,VASP is a plane-wave code
21,10.1103_physrevb.98.205425,"Single-layer antiferromagnetic semiconductor <mml:math xmlns:mml=""http://www.w3.org/1998/M",2018,code,"which DFT package (VASP, Quantum ESPRESSO, SIESTA, CASTEP, ...)",y,VASP,,"Vienna Ab-initio Simulation Package (VASP, version 5.4.4)",
21,10.1103_physrevb.98.205425,"Single-layer antiferromagnetic semiconductor <mml:math xmlns:mml=""http://www.w3.org/1998/M",2018,xc_functional,"e.g. PBE, PBEsol, LDA, HSE06",y,PBE / GGA,,Perdew-Burke-Ernzerhof (PBE) functional,
21,10.1103_physrevb.98.205425,"Single-layer antiferromagnetic semiconductor <mml:math xmlns:mml=""http://www.w3.org/1998/M",2018,pseudopotential_type,"e.g. PAW, norm-conserving, ultrasoft",y,PAW,,projector-augmented wave (PAW) method,
21,10.1103_physrevb.98.205425,"Single-layer antiferromagnetic semiconductor <mml:math xmlns:mml=""http://www.w3.org/1998/M",2018,k_mesh,e.g. 15x15x1; write as printed,y,12 × 12 × 1,,a Γ-centered 12 × 12 × 1 k-point grid,
21,10.1103_physrevb.98.205425,"Single-layer antiferromagnetic semiconductor <mml:math xmlns:mml=""http://www.w3.org/1998/M",2018,cutoff,"the basis cutoff FOR THIS CODE: plane-wave cutoff (eV or Ry) for VASP/QE/CASTEP, or mesh cutoff (Ry) for SIESTA. One value only.",y,550,eV,kinetic cutoﬀ energy below 550 eV,
21,10.1103_physrevb.98.205425,"Single-layer antiferromagnetic semiconductor <mml:math xmlns:mml=""http://www.w3.org/1998/M",2018,force_threshold_ev_ang,force convergence criterion,y,0.01,eV/Å,residual Hellman-Feynman forces are smaller than 0.01 eV/˚A.,
21,10.1103_physrevb.98.205425,"Single-layer antiferromagnetic semiconductor <mml:math xmlns:mml=""http://www.w3.org/1998/M",2018,energy_threshold_ev,SCF / total-energy convergence criterion,n,,,,Not explicitly stated.
21,10.1103_physrevb.98.205425,"Single-layer antiferromagnetic semiconductor <mml:math xmlns:mml=""http://www.w3.org/1998/M",2018,vacuum_spacing_ang,vacuum thickness along the non-periodic axis,y,18.0,Å,vacuum spacing of the surface slab is set to 18.0 ˚A,
21,10.1103_physrevb.98.205425,"Single-layer antiferromagnetic semiconductor <mml:math xmlns:mml=""http://www.w3.org/1998/M",2018,basis_size,"NAO codes ONLY (SIESTA: DZP, TZP...). Write n/a for plane-wave codes.",n/a,,,,VASP is a plane-wave code
22,10.1103_physrevlett.116.025501,Two Dimensional Ice from First Principles: Structures and Phase Transitions,2016,code,"which DFT package (VASP, Quantum ESPRESSO, SIESTA, CASTEP, ...)",y,VASP,,Our electronic structure calculations were carried out using the Vienna Ab-initio Simulation Package (VASP),
22,10.1103_physrevlett.116.025501,Two Dimensional Ice from First Principles: Structures and Phase Transitions,2016,xc_functional,"e.g. PBE, PBEsol, LDA, HSE06",y,PBE / GGA / DFT+vdW,,with the DFT+vdW approach [35] in conjunction with the Perdew-Burke-Ernzerhof exchange-correlation functional,
22,10.1103_physrevlett.116.025501,Two Dimensional Ice from First Principles: Structures and Phase Transitions,2016,pseudopotential_type,"e.g. PAW, norm-conserving, ultrasoft",n,,,,"Computational details were moved to the SI, which is not provided in the text."
22,10.1103_physrevlett.116.025501,Two Dimensional Ice from First Principles: Structures and Phase Transitions,2016,k_mesh,e.g. 15x15x1; write as printed,n,,,,Not explicitly stated in the main text.
22,10.1103_physrevlett.116.025501,Two Dimensional Ice from First Principles: Structures and Phase Transitions,2016,cutoff,"the basis cutoff FOR THIS CODE: plane-wave cutoff (eV or Ry) for VASP/QE/CASTEP, or mesh cutoff (Ry) for SIESTA. One value only.",n,,,,Not explicitly stated in the main text.
22,10.1103_physrevlett.116.025501,Two Dimensional Ice from First Principles: Structures and Phase Transitions,2016,force_threshold_ev_ang,force convergence criterion,n,,,,Not explicitly stated in the main text.
22,10.1103_physrevlett.116.025501,Two Dimensional Ice from First Principles: Structures and Phase Transitions,2016,energy_threshold_ev,SCF / total-energy convergence criterion,n,,,,Not explicitly stated in the main text.
22,10.1103_physrevlett.116.025501,Two Dimensional Ice from First Principles: Structures and Phase Transitions,2016,vacuum_spacing_ang,vacuum thickness along the non-periodic axis,n,,,,Not explicitly stated in the main text.
22,10.1103_physrevlett.116.025501,Two Dimensional Ice from First Principles: Structures and Phase Transitions,2016,basis_size,"NAO codes ONLY (SIESTA: DZP, TZP...). Write n/a for plane-wave codes.",n/a,,,,VASP is a plane-wave code
23,10.1109_ted.2021.3119552,Performance Investigation of p-FETs Based on Highly Air-Stable Monolayer Pentagonal PdSe<s,2021,code,"which DFT package (VASP, Quantum ESPRESSO, SIESTA, CASTEP, ...)",y,Quantum Espresso,,"We use Quantum Espresso (QE) [29], [30], a Density-functional theory (DFT) based tool, for electronic structure calculations",
23,10.1109_ted.2021.3119552,Performance Investigation of p-FETs Based on Highly Air-Stable Monolayer Pentagonal PdSe<s,2021,xc_functional,"e.g. PBE, PBEsol, LDA, HSE06",y,GGA / PBE,,The exchange correlation effect are approximated by the generalized gradient approximation (GGA) within the Perdew-Burke-Ernzerhof (PBE) formulation,
23,10.1109_ted.2021.3119552,Performance Investigation of p-FETs Based on Highly Air-Stable Monolayer Pentagonal PdSe<s,2021,pseudopotential_type,"e.g. PAW, norm-conserving, ultrasoft",y,PAW,,"The Projector Augmented Wave method (PAW) [31], [32] with a plane wave basis set is used for the DFT calculations.",
23,10.1109_ted.2021.3119552,Performance Investigation of p-FETs Based on Highly Air-Stable Monolayer Pentagonal PdSe<s,2021,k_mesh,e.g. 15x15x1; write as printed,y,10 × 10 × 1,,The Brillouin zone is sampled using 10 × 10 × 1 Monkhorst-Pack grids [34].,
23,10.1109_ted.2021.3119552,Performance Investigation of p-FETs Based on Highly Air-Stable Monolayer Pentagonal PdSe<s,2021,cutoff,"the basis cutoff FOR THIS CODE: plane-wave cutoff (eV or Ry) for VASP/QE/CASTEP, or mesh cutoff (Ry) for SIESTA. One value only.",y,60,Ry,"The energy cutoffs for wave-functions and charge-density are set to 60 Ry and 600 Ry, respectively.",
23,10.1109_ted.2021.3119552,Performance Investigation of p-FETs Based on Highly Air-Stable Monolayer Pentagonal PdSe<s,2021,force_threshold_ev_ang,force convergence criterion,y,10^-3,Ry/a.u.,until all components of forces are less than 10−3 Ry/a.u..,
23,10.1109_ted.2021.3119552,Performance Investigation of p-FETs Based on Highly Air-Stable Monolayer Pentagonal PdSe<s,2021,energy_threshold_ev,SCF / total-energy convergence criterion,n,,,,Not explicitly stated.
23,10.1109_ted.2021.3119552,Performance Investigation of p-FETs Based on Highly Air-Stable Monolayer Pentagonal PdSe<s,2021,vacuum_spacing_ang,vacuum thickness along the non-periodic axis,y,30,Å,A 30 ˚A thick vacuum layer is used in simulations,
23,10.1109_ted.2021.3119552,Performance Investigation of p-FETs Based on Highly Air-Stable Monolayer Pentagonal PdSe<s,2021,basis_size,"NAO codes ONLY (SIESTA: DZP, TZP...). Write n/a for plane-wave codes.",n/a,,,,QE is a plane-wave code
24,10.1134_s0021364023600283,Bonding Duality and Optoelectronic Properties of Bilayer Carbon Structures Based on the T1,2023,code,"which DFT package (VASP, Quantum ESPRESSO, SIESTA, CASTEP, ...)",y,VASP,,"density functional theory [27, 28] implemented in VASP [29–31]",
24,10.1134_s0021364023600283,Bonding Duality and Optoelectronic Properties of Bilayer Carbon Structures Based on the T1,2023,xc_functional,"e.g. PBE, PBEsol, LDA, HSE06",y,GGA / PBE,,generalized gradient approximation with the Perdew–Burke–Ernzerhof parameterization [32],
24,10.1134_s0021364023600283,Bonding Duality and Optoelectronic Properties of Bilayer Carbon Structures Based on the T1,2023,pseudopotential_type,"e.g. PAW, norm-conserving, ultrasoft",y,PAW,,projector augmented-wave method [33],
24,10.1134_s0021364023600283,Bonding Duality and Optoelectronic Properties of Bilayer Carbon Structures Based on the T1,2023,k_mesh,e.g. 15x15x1; write as printed,y,20 × 20 × 1,,on a 20 × 20 × 1 k-point grid,
24,10.1134_s0021364023600283,Bonding Duality and Optoelectronic Properties of Bilayer Carbon Structures Based on the T1,2023,cutoff,"the basis cutoff FOR THIS CODE: plane-wave cutoff (eV or Ry) for VASP/QE/CASTEP, or mesh cutoff (Ry) for SIESTA. One value only.",n,,,,Not explicitly stated in the text.
24,10.1134_s0021364023600283,Bonding Duality and Optoelectronic Properties of Bilayer Carbon Structures Based on the T1,2023,force_threshold_ev_ang,force convergence criterion,y,0.05,eV/Å,until the maximum interatomic force became smaller than 0.05 eV/Å,
24,10.1134_s0021364023600283,Bonding Duality and Optoelectronic Properties of Bilayer Carbon Structures Based on the T1,2023,energy_threshold_ev,SCF / total-energy convergence criterion,y,10^-5,eV,and the energy spread became smaller than 10−5 eV,
24,10.1134_s0021364023600283,Bonding Duality and Optoelectronic Properties of Bilayer Carbon Structures Based on the T1,2023,vacuum_spacing_ang,vacuum thickness along the non-periodic axis,y,15,Å,A vacuum region no shorter than 15 Å was chosen in the nonperiodic direction.,
24,10.1134_s0021364023600283,Bonding Duality and Optoelectronic Properties of Bilayer Carbon Structures Based on the T1,2023,basis_size,"NAO codes ONLY (SIESTA: DZP, TZP...). Write n/a for plane-wave codes.",n/a,,,,VASP is a plane-wave code
25,10.1186_s11671-018-2687-y,First-principles investigation of adsorption behaviors of small molecules on penta-graphen,2018,code,"which DFT package (VASP, Quantum ESPRESSO, SIESTA, CASTEP, ...)",y,Dmol3,,first-principles calculations based on DFT [23] as implemented in Dmol3 code [24],
25,10.1186_s11671-018-2687-y,First-principles investigation of adsorption behaviors of small molecules on penta-graphen,2018,xc_functional,"e.g. PBE, PBEsol, LDA, HSE06",y,LDA-PWC / PW91 / PBE,,the LDA-PWC was selected for the structural optimizations [...] calculated using the generalized gradient approximation (GGA) functionals with Perdew-Wang 1991 (PW91) and Perdew-Burke-Ernzerh (PBE),
25,10.1186_s11671-018-2687-y,First-principles investigation of adsorption behaviors of small molecules on penta-graphen,2018,pseudopotential_type,"e.g. PAW, norm-conserving, ultrasoft",n,,,,Not explicitly stated in the text.
25,10.1186_s11671-018-2687-y,First-principles investigation of adsorption behaviors of small molecules on penta-graphen,2018,k_mesh,e.g. 15x15x1; write as printed,y,2 × 2 × 1,,The 2 × 2 × 1 Monkhorst-Pack mesh [28] was used for the Brillouin-zone integration,
25,10.1186_s11671-018-2687-y,First-principles investigation of adsorption behaviors of small molecules on penta-graphen,2018,cutoff,"the basis cutoff FOR THIS CODE: plane-wave cutoff (eV or Ry) for VASP/QE/CASTEP, or mesh cutoff (Ry) for SIESTA. One value only.",n/a,,,,Dmol3 uses numerical atomic orbitals (LCAO)
25,10.1186_s11671-018-2687-y,First-principles investigation of adsorption behaviors of small molecules on penta-graphen,2018,force_threshold_ev_ang,force convergence criterion,y,0.002,Ha/Å,"convergence precision of energy for the maximum energy change, the maximum force, and the maximum displacement were 1 × 10−5 Ha, 0.002 Ha/Å, and 0.005 Å, respectively.",
25,10.1186_s11671-018-2687-y,First-principles investigation of adsorption behaviors of small molecules on penta-graphen,2018,energy_threshold_ev,SCF / total-energy convergence criterion,y,10^-5,Ha,the self-consistent field tolerance was set as 1 × 10−5 Ha.,
25,10.1186_s11671-018-2687-y,First-principles investigation of adsorption behaviors of small molecules on penta-graphen,2018,vacuum_spacing_ang,vacuum thickness along the non-periodic axis,y,30,Å,A 3 × 3 supercell with a vacuum space of 30 Å,
25,10.1186_s11671-018-2687-y,First-principles investigation of adsorption behaviors of small molecules on penta-graphen,2018,basis_size,"NAO codes ONLY (SIESTA: DZP, TZP...). Write n/a for plane-wave codes.",n,,,,Not explicitly stated in the text.
26,10.1186_s11671-019-3097-5,First Principles Study of Penta-siligraphene as High-Performance Anode Material for Li-Ion,2019,code,"which DFT package (VASP, Quantum ESPRESSO, SIESTA, CASTEP, ...)",y,VASP,,Vienna Ab initio Simulation Package (VASP) [33],
26,10.1186_s11671-019-3097-5,First Principles Study of Penta-siligraphene as High-Performance Anode Material for Li-Ion,2019,xc_functional,"e.g. PBE, PBEsol, LDA, HSE06",y,GGA / PBE,,general gradient approximation (GGA) exchange and correlation functionals parameterized by Perdew-Burke-Ernzerhof (PBE) are used [36],
26,10.1186_s11671-019-3097-5,First Principles Study of Penta-siligraphene as High-Performance Anode Material for Li-Ion,2019,pseudopotential_type,"e.g. PAW, norm-conserving, ultrasoft",y,PAW,,"projector augmented wave (PAW) method [34, 35]",
26,10.1186_s11671-019-3097-5,First Principles Study of Penta-siligraphene as High-Performance Anode Material for Li-Ion,2019,k_mesh,e.g. 15x15x1; write as printed,y,spacing: 0.05 / 0.03 Å^-1,,density of the k-mesh is thicker than 0.05 Å−1 for ab initio molecule dynamics (AIMD) simulation and 0.03 Å−1 for other calculations.,
26,10.1186_s11671-019-3097-5,First Principles Study of Penta-siligraphene as High-Performance Anode Material for Li-Ion,2019,cutoff,"the basis cutoff FOR THIS CODE: plane-wave cutoff (eV or Ry) for VASP/QE/CASTEP, or mesh cutoff (Ry) for SIESTA. One value only.",y,450,eV,cutoff energy for the plane waves is chosen to be 450 eV,
26,10.1186_s11671-019-3097-5,First Principles Study of Penta-siligraphene as High-Performance Anode Material for Li-Ion,2019,force_threshold_ev_ang,force convergence criterion,y,0.02,eV/Å,the final forces are converged to 0.02 eV/Å.,
26,10.1186_s11671-019-3097-5,First Principles Study of Penta-siligraphene as High-Performance Anode Material for Li-Ion,2019,energy_threshold_ev,SCF / total-energy convergence criterion,n,,,,Not explicitly stated in the text.
26,10.1186_s11671-019-3097-5,First Principles Study of Penta-siligraphene as High-Performance Anode Material for Li-Ion,2019,vacuum_spacing_ang,vacuum thickness along the non-periodic axis,n,,,,Not explicitly stated in the text.
26,10.1186_s11671-019-3097-5,First Principles Study of Penta-siligraphene as High-Performance Anode Material for Li-Ion,2019,basis_size,"NAO codes ONLY (SIESTA: DZP, TZP...). Write n/a for plane-wave codes.",n/a,,,,VASP uses plane waves
27,10.1186_s11671-019-3142-4,Penta-Graphene as a Potential Gas Sensor for NOx Detection,2019,code,"which DFT package (VASP, Quantum ESPRESSO, SIESTA, CASTEP, ...)",y,VASP,,"DFT as implemented in the Vienna Ab initio Simulation Package (VASP) [31, 32].",
27,10.1186_s11671-019-3142-4,Penta-Graphene as a Potential Gas Sensor for NOx Detection,2019,xc_functional,"e.g. PBE, PBEsol, LDA, HSE06",y,GGA / PBE,,generalized-gradient approximation (GGA) of Perdew–Burke–Ernzerhof (PBE) functional [33],
27,10.1186_s11671-019-3142-4,Penta-Graphene as a Potential Gas Sensor for NOx Detection,2019,pseudopotential_type,"e.g. PAW, norm-conserving, ultrasoft",n,,,,Not explicitly stated in the text.
27,10.1186_s11671-019-3142-4,Penta-Graphene as a Potential Gas Sensor for NOx Detection,2019,k_mesh,e.g. 15x15x1; write as printed,y,9 × 9 × 1,,a 9 × 9 × 1 Monkhorst−Pack grid (9 × 3 × 9 for TRANSIESTA) is used,
27,10.1186_s11671-019-3142-4,Penta-Graphene as a Potential Gas Sensor for NOx Detection,2019,cutoff,"the basis cutoff FOR THIS CODE: plane-wave cutoff (eV or Ry) for VASP/QE/CASTEP, or mesh cutoff (Ry) for SIESTA. One value only.",y,450,eV,The energy cutoff is set to 450 eV,
27,10.1186_s11671-019-3142-4,Penta-Graphene as a Potential Gas Sensor for NOx Detection,2019,force_threshold_ev_ang,force convergence criterion,y,0.03,eV/Å,The force convergence criterion is less than 0.03 eV/Å.,
27,10.1186_s11671-019-3142-4,Penta-Graphene as a Potential Gas Sensor for NOx Detection,2019,energy_threshold_ev,SCF / total-energy convergence criterion,n,,,,Not explicitly stated in the text.
27,10.1186_s11671-019-3142-4,Penta-Graphene as a Potential Gas Sensor for NOx Detection,2019,vacuum_spacing_ang,vacuum thickness along the non-periodic axis,y,15,Å,separated by at least 15 Å along the z-direction.,
27,10.1186_s11671-019-3142-4,Penta-Graphene as a Potential Gas Sensor for NOx Detection,2019,basis_size,"NAO codes ONLY (SIESTA: DZP, TZP...). Write n/a for plane-wave codes.",n/a,,,,VASP uses plane waves
28,10.21203_rs.3.rs-3221946_v1,First-principles study of optical aspects of Penta-graphene and T- Carbon nanostructures,2023,code,"which DFT package (VASP, Quantum ESPRESSO, SIESTA, CASTEP, ...)",y,Wien2k,,from the Wien2k computational code [19].,
28,10.21203_rs.3.rs-3221946_v1,First-principles study of optical aspects of Penta-graphene and T- Carbon nanostructures,2023,xc_functional,"e.g. PBE, PBEsol, LDA, HSE06",y,GGA / PBE,,GGA generalized gradient approximation [...] the (PBE) method is used [20],
28,10.21203_rs.3.rs-3221946_v1,First-principles study of optical aspects of Penta-graphene and T- Carbon nanostructures,2023,pseudopotential_type,"e.g. PAW, norm-conserving, ultrasoft",n/a,,,,Wien2k is an all-electron full-potential code (FP-LAPW)
28,10.21203_rs.3.rs-3221946_v1,First-principles study of optical aspects of Penta-graphene and T- Carbon nanostructures,2023,k_mesh,e.g. 15x15x1; write as printed,y,1x12x12 and 1x25x25,,by selecting 1x12x12 and 1x25x25 meshing.,
28,10.21203_rs.3.rs-3221946_v1,First-principles study of optical aspects of Penta-graphene and T- Carbon nanostructures,2023,cutoff,"the basis cutoff FOR THIS CODE: plane-wave cutoff (eV or Ry) for VASP/QE/CASTEP, or mesh cutoff (Ry) for SIESTA. One value only.",y,RMTKmax = 7,,"Calculation input parameters RMTKmax = 7, Gmax = 14 Ry1/2",
28,10.21203_rs.3.rs-3221946_v1,First-principles study of optical aspects of Penta-graphene and T- Carbon nanostructures,2023,force_threshold_ev_ang,force convergence criterion,n,,,,Not explicitly stated in the text.
28,10.21203_rs.3.rs-3221946_v1,First-principles study of optical aspects of Penta-graphene and T- Carbon nanostructures,2023,energy_threshold_ev,SCF / total-energy convergence criterion,n,,,,Not explicitly stated in the text.
28,10.21203_rs.3.rs-3221946_v1,First-principles study of optical aspects of Penta-graphene and T- Carbon nanostructures,2023,vacuum_spacing_ang,vacuum thickness along the non-periodic axis,n,,,,Not explicitly stated in the text.
28,10.21203_rs.3.rs-3221946_v1,First-principles study of optical aspects of Penta-graphene and T- Carbon nanostructures,2023,basis_size,"NAO codes ONLY (SIESTA: DZP, TZP...). Write n/a for plane-wave codes.",n/a,,,,Wien2k uses APW+lo
29,10.3389_fchem.2022.1061703,"Theoretical analysis of the thermoelectric properties of penta-PdX2 (X = Se, Te) monolayer",2022,code,"which DFT package (VASP, Quantum ESPRESSO, SIESTA, CASTEP, ...)",y,VASP,,Vienna ab initio simulation package (VASP),
29,10.3389_fchem.2022.1061703,"Theoretical analysis of the thermoelectric properties of penta-PdX2 (X = Se, Te) monolayer",2022,xc_functional,"e.g. PBE, PBEsol, LDA, HSE06",y,GGA / PBE,,The electron exchange-correlation energy was described by GGA-PBE,
29,10.3389_fchem.2022.1061703,"Theoretical analysis of the thermoelectric properties of penta-PdX2 (X = Se, Te) monolayer",2022,pseudopotential_type,"e.g. PAW, norm-conserving, ultrasoft",y,PAW,,projector-augmented plane wave method,
29,10.3389_fchem.2022.1061703,"Theoretical analysis of the thermoelectric properties of penta-PdX2 (X = Se, Te) monolayer",2022,k_mesh,e.g. 15x15x1; write as printed,y,12 × 11 × 1,,The k-point meshes were set as 12 × 11 × 1,
29,10.3389_fchem.2022.1061703,"Theoretical analysis of the thermoelectric properties of penta-PdX2 (X = Se, Te) monolayer",2022,cutoff,"the basis cutoff FOR THIS CODE: plane-wave cutoff (eV or Ry) for VASP/QE/CASTEP, or mesh cutoff (Ry) for SIESTA. One value only.",y,500,eV,cut-off energy was set to 500 eV,
29,10.3389_fchem.2022.1061703,"Theoretical analysis of the thermoelectric properties of penta-PdX2 (X = Se, Te) monolayer",2022,force_threshold_ev_ang,force convergence criterion,y,10^-4,eV/Å,the forces on atoms were less than 10–4 eV Å−1,
29,10.3389_fchem.2022.1061703,"Theoretical analysis of the thermoelectric properties of penta-PdX2 (X = Se, Te) monolayer",2022,energy_threshold_ev,SCF / total-energy convergence criterion,y,10^-5,eV,until the energy change per atom was less than 10–5 eV,
29,10.3389_fchem.2022.1061703,"Theoretical analysis of the thermoelectric properties of penta-PdX2 (X = Se, Te) monolayer",2022,vacuum_spacing_ang,vacuum thickness along the non-periodic axis,y,20,Å,We took a 20 Å thick vacuum slab insertion,
29,10.3389_fchem.2022.1061703,"Theoretical analysis of the thermoelectric properties of penta-PdX2 (X = Se, Te) monolayer",2022,basis_size,"NAO codes ONLY (SIESTA: DZP, TZP...). Write n/a for plane-wave codes.",n/a,,,,VASP uses plane waves
30,10.3389_fmats.2021.683503,Uniform Strain-Dependent Thermal Conductivity of Pentagonal and Hexagonal Silicene,2021,code,"which DFT package (VASP, Quantum ESPRESSO, SIESTA, CASTEP, ...)",y,VASP,,Vienna ab initio simulation package (VASP),
30,10.3389_fmats.2021.683503,Uniform Strain-Dependent Thermal Conductivity of Pentagonal and Hexagonal Silicene,2021,xc_functional,"e.g. PBE, PBEsol, LDA, HSE06",y,GGA / PBE,,"The Perdew–Burke–Ernzerhof (PBE) (Perdew et al., 1996) of generalized gradient approximation (GGA)",
30,10.3389_fmats.2021.683503,Uniform Strain-Dependent Thermal Conductivity of Pentagonal and Hexagonal Silicene,2021,pseudopotential_type,"e.g. PAW, norm-conserving, ultrasoft",y,PAW,,projector augmented wave pseudopotentials (PAW),
30,10.3389_fmats.2021.683503,Uniform Strain-Dependent Thermal Conductivity of Pentagonal and Hexagonal Silicene,2021,k_mesh,e.g. 15x15x1; write as printed,y,grid density of 0.25 Å−1,,k-mesh with a grid density of 0.25 Å−1 is used,
30,10.3389_fmats.2021.683503,Uniform Strain-Dependent Thermal Conductivity of Pentagonal and Hexagonal Silicene,2021,cutoff,"the basis cutoff FOR THIS CODE: plane-wave cutoff (eV or Ry) for VASP/QE/CASTEP, or mesh cutoff (Ry) for SIESTA. One value only.",y,500,eV,kinetic energy cutoff of 500 eV,
30,10.3389_fmats.2021.683503,Uniform Strain-Dependent Thermal Conductivity of Pentagonal and Hexagonal Silicene,2021,force_threshold_ev_ang,force convergence criterion,y,10^-8,eV/Å,maximum Hellmann–Feynman force is no larger than 10−8 eV/Å,
30,10.3389_fmats.2021.683503,Uniform Strain-Dependent Thermal Conductivity of Pentagonal and Hexagonal Silicene,2021,energy_threshold_ev,SCF / total-energy convergence criterion,y,10^-8,eV,"The electronic step and ionic step stop criteria are 10−8 and 10−7 eV, respectively.",electronic step is 10^-8 eV.
30,10.3389_fmats.2021.683503,Uniform Strain-Dependent Thermal Conductivity of Pentagonal and Hexagonal Silicene,2021,vacuum_spacing_ang,vacuum thickness along the non-periodic axis,n,,,,Not explicitly stated in the text.
30,10.3389_fmats.2021.683503,Uniform Strain-Dependent Thermal Conductivity of Pentagonal and Hexagonal Silicene,2021,basis_size,"NAO codes ONLY (SIESTA: DZP, TZP...). Write n/a for plane-wave codes.",n/a,,,,VASP uses plane waves
31,10.4279_pip.130003,An ab initio study of small gas molecule adsorption on the edge of N-doped sawtooth penta-,2021,code,"which DFT package (VASP, Quantum ESPRESSO, SIESTA, CASTEP, ...)",y,Atomistix ToolKit (ATK),,using the Atomistix ToolKit (ATK) software package,
31,10.4279_pip.130003,An ab initio study of small gas molecule adsorption on the edge of N-doped sawtooth penta-,2021,xc_functional,"e.g. PBE, PBEsol, LDA, HSE06",y,GGA / PBE,,within the generalized gradient approximation (GGA) of Perdew Burke Ernzerhof (PBE) [40],
31,10.4279_pip.130003,An ab initio study of small gas molecule adsorption on the edge of N-doped sawtooth penta-,2021,pseudopotential_type,"e.g. PAW, norm-conserving, ultrasoft",n,,,,Not explicitly stated in the text.
31,10.4279_pip.130003,An ab initio study of small gas molecule adsorption on the edge of N-doped sawtooth penta-,2021,k_mesh,e.g. 15x15x1; write as printed,y,1 x 1 x 9,,1 x 1 x 9 k-point sampling,
31,10.4279_pip.130003,An ab initio study of small gas molecule adsorption on the edge of N-doped sawtooth penta-,2021,cutoff,"the basis cutoff FOR THIS CODE: plane-wave cutoff (eV or Ry) for VASP/QE/CASTEP, or mesh cutoff (Ry) for SIESTA. One value only.",y,790,eV,a cut-oﬀenergy of 790 eV,
31,10.4279_pip.130003,An ab initio study of small gas molecule adsorption on the edge of N-doped sawtooth penta-,2021,force_threshold_ev_ang,force convergence criterion,y,0.05,Ha/Å,the maximum force ... of ... 0.05 Ha/˚A,
31,10.4279_pip.130003,An ab initio study of small gas molecule adsorption on the edge of N-doped sawtooth penta-,2021,energy_threshold_ev,SCF / total-energy convergence criterion,y,2.10^-5,eV/atom,the maximum energy change ... of 2.10−5 eV/atom,
31,10.4279_pip.130003,An ab initio study of small gas molecule adsorption on the edge of N-doped sawtooth penta-,2021,vacuum_spacing_ang,vacuum thickness along the non-periodic axis,y,10,Å,A 10 ˚A vacuum space was introduced,
31,10.4279_pip.130003,An ab initio study of small gas molecule adsorption on the edge of N-doped sawtooth penta-,2021,basis_size,"NAO codes ONLY (SIESTA: DZP, TZP...). Write n/a for plane-wave codes.",y,DZP,,a double-zeta-polarized basis set was used,
32,10.48550_arxiv.1701.03715,The anisotropic ultrahigh hole mobility in strain-engineering two-dimensional penta-SiC$_2,2017,code,"which DFT package (VASP, Quantum ESPRESSO, SIESTA, CASTEP, ...)",y,VASP,,Vienna ab-initio simulation package (VASP),
32,10.48550_arxiv.1701.03715,The anisotropic ultrahigh hole mobility in strain-engineering two-dimensional penta-SiC$_2,2017,xc_functional,"e.g. PBE, PBEsol, LDA, HSE06",y,GGA / PBE,,generalized gradient approximation (GGA) using the Perdew-Burke-Ernzerhof (PBE) functional,
32,10.48550_arxiv.1701.03715,The anisotropic ultrahigh hole mobility in strain-engineering two-dimensional penta-SiC$_2,2017,pseudopotential_type,"e.g. PAW, norm-conserving, ultrasoft",y,PAW,,projector-augmented-wave pseudo potential method,
32,10.48550_arxiv.1701.03715,The anisotropic ultrahigh hole mobility in strain-engineering two-dimensional penta-SiC$_2,2017,k_mesh,e.g. 15x15x1; write as printed,y,13x13x1 / 21x21x1,,k-point meshes of 13×13×1 and 21×21×1 for geometry optimization and self-consistent electronic structure calculations,
32,10.48550_arxiv.1701.03715,The anisotropic ultrahigh hole mobility in strain-engineering two-dimensional penta-SiC$_2,2017,cutoff,"the basis cutoff FOR THIS CODE: plane-wave cutoff (eV or Ry) for VASP/QE/CASTEP, or mesh cutoff (Ry) for SIESTA. One value only.",y,500,eV,kinetic energy cutoﬀof 500 eV,
32,10.48550_arxiv.1701.03715,The anisotropic ultrahigh hole mobility in strain-engineering two-dimensional penta-SiC$_2,2017,force_threshold_ev_ang,force convergence criterion,y,10^-3,eV/Å,maximum Hellmann-Feynman force acting on each atom is 10−3 eV/Å,
32,10.48550_arxiv.1701.03715,The anisotropic ultrahigh hole mobility in strain-engineering two-dimensional penta-SiC$_2,2017,energy_threshold_ev,SCF / total-energy convergence criterion,y,10^-5,eV,energy convergence value between two consecutive steps is chosen as 10−5 eV,
32,10.48550_arxiv.1701.03715,The anisotropic ultrahigh hole mobility in strain-engineering two-dimensional penta-SiC$_2,2017,vacuum_spacing_ang,vacuum thickness along the non-periodic axis,y,15,Å,separation between the layers is set to be 15 Å for monolayer,
32,10.48550_arxiv.1701.03715,The anisotropic ultrahigh hole mobility in strain-engineering two-dimensional penta-SiC$_2,2017,basis_size,"NAO codes ONLY (SIESTA: DZP, TZP...). Write n/a for plane-wave codes.",n/a,,,,VASP uses plane wave basis set
33,10.48550_arxiv.1703.03789,Mechanical Properties and Fracture Patterns of Pentagraphene Membranes,2017,code,"which DFT package (VASP, Quantum ESPRESSO, SIESTA, CASTEP, ...)",y,SIESTA,,as implemented in the SIESTA code,
33,10.48550_arxiv.1703.03789,Mechanical Properties and Fracture Patterns of Pentagraphene Membranes,2017,xc_functional,"e.g. PBE, PBEsol, LDA, HSE06",y,GGA,,we used the generalized gradient approximation (GGA),
33,10.48550_arxiv.1703.03789,Mechanical Properties and Fracture Patterns of Pentagraphene Membranes,2017,pseudopotential_type,"e.g. PAW, norm-conserving, ultrasoft",y,norm-conserving Troullier-Martins,,pseudopotentials were modeled within the norm-conserving Troullier-Martins scheme,
33,10.48550_arxiv.1703.03789,Mechanical Properties and Fracture Patterns of Pentagraphene Membranes,2017,k_mesh,e.g. 15x15x1; write as printed,y,8 x 8 x 1,,grid of 8 × 8 × 1 k-points,
33,10.48550_arxiv.1703.03789,Mechanical Properties and Fracture Patterns of Pentagraphene Membranes,2017,cutoff,"the basis cutoff FOR THIS CODE: plane-wave cutoff (eV or Ry) for VASP/QE/CASTEP, or mesh cutoff (Ry) for SIESTA. One value only.",y,400,Ry,mesh cutoﬀof 400 Ry,
33,10.48550_arxiv.1703.03789,Mechanical Properties and Fracture Patterns of Pentagraphene Membranes,2017,force_threshold_ev_ang,force convergence criterion,y,0.01,eV/Å,maximum force component on any atom was less than 10 meV/˚A,
33,10.48550_arxiv.1703.03789,Mechanical Properties and Fracture Patterns of Pentagraphene Membranes,2017,energy_threshold_ev,SCF / total-energy convergence criterion,y,10^-4,eV,SCF convergence thresholds for electronic total energy were set to 10−4 eV,
33,10.48550_arxiv.1703.03789,Mechanical Properties and Fracture Patterns of Pentagraphene Membranes,2017,vacuum_spacing_ang,vacuum thickness along the non-periodic axis,y,20,Å,with a perpendicular oﬀ-plane lattice vector az large enough (20 ˚A),
33,10.48550_arxiv.1703.03789,Mechanical Properties and Fracture Patterns of Pentagraphene Membranes,2017,basis_size,"NAO codes ONLY (SIESTA: DZP, TZP...). Write n/a for plane-wave codes.",y,DZP,,expanded in a double-ζ basis set ... enhanced with polarization orbitals,
34,10.48550_arxiv.1703.09071,Metamorphosis in Carbon Network: From Penta-Graphene to Biphenylene under Uniaxial Tension,2017,code,"which DFT package (VASP, Quantum ESPRESSO, SIESTA, CASTEP, ...)",y,VASP,,Vienna ab Initio Simulation Package (VASP),
34,10.48550_arxiv.1703.09071,Metamorphosis in Carbon Network: From Penta-Graphene to Biphenylene under Uniaxial Tension,2017,xc_functional,"e.g. PBE, PBEsol, LDA, HSE06",y,GGA / PBE,,"Generalized Gradient Approximation (GGA)[45] using Perdew, Burke, and Ernzerhof (PBE) functional",
34,10.48550_arxiv.1703.09071,Metamorphosis in Carbon Network: From Penta-Graphene to Biphenylene under Uniaxial Tension,2017,pseudopotential_type,"e.g. PAW, norm-conserving, ultrasoft",y,PAW,,Projector Augmented Wave (PAW)[46] method,
34,10.48550_arxiv.1703.09071,Metamorphosis in Carbon Network: From Penta-Graphene to Biphenylene under Uniaxial Tension,2017,k_mesh,e.g. 15x15x1; write as printed,y,7 x 7 x 1 / 30 x 30 x 1,,k-point mesh size of 7 x 7 x 1 ... higher k-point sampling of 30 x 30 x 1,
34,10.48550_arxiv.1703.09071,Metamorphosis in Carbon Network: From Penta-Graphene to Biphenylene under Uniaxial Tension,2017,cutoff,"the basis cutoff FOR THIS CODE: plane-wave cutoff (eV or Ry) for VASP/QE/CASTEP, or mesh cutoff (Ry) for SIESTA. One value only.",y,450,eV,energy cutoff of 450 eV,
34,10.48550_arxiv.1703.09071,Metamorphosis in Carbon Network: From Penta-Graphene to Biphenylene under Uniaxial Tension,2017,force_threshold_ev_ang,force convergence criterion,y,0.02,eV/Å,atomic force components of 0.02 eV/ Å,
34,10.48550_arxiv.1703.09071,Metamorphosis in Carbon Network: From Penta-Graphene to Biphenylene under Uniaxial Tension,2017,energy_threshold_ev,SCF / total-energy convergence criterion,y,10^-5,eV,threshold for total energy of 10-5 eV,10^-8 eV used for DFPT
34,10.48550_arxiv.1703.09071,Metamorphosis in Carbon Network: From Penta-Graphene to Biphenylene under Uniaxial Tension,2017,vacuum_spacing_ang,vacuum thickness along the non-periodic axis,y,20,Å,vacuum of length 20Å,
34,10.48550_arxiv.1703.09071,Metamorphosis in Carbon Network: From Penta-Graphene to Biphenylene under Uniaxial Tension,2017,basis_size,"NAO codes ONLY (SIESTA: DZP, TZP...). Write n/a for plane-wave codes.",n/a,,,,VASP uses plane wave basis set
35,10.48550_arxiv.2109.04006,Two-dimensional pentagonal material Penta-PdPSe: A first-principle study,2021,code,"which DFT package (VASP, Quantum ESPRESSO, SIESTA, CASTEP, ...)",y,VASP,,Vienna ab-initio simulation package (VASP),
35,10.48550_arxiv.2109.04006,Two-dimensional pentagonal material Penta-PdPSe: A first-principle study,2021,xc_functional,"e.g. PBE, PBEsol, LDA, HSE06",y,GGA / PBE,,Perdew-Burke-Ernzerhof(PBE),
35,10.48550_arxiv.2109.04006,Two-dimensional pentagonal material Penta-PdPSe: A first-principle study,2021,pseudopotential_type,"e.g. PAW, norm-conserving, ultrasoft",y,PAW,,projector augmented wave (PAW) method,
35,10.48550_arxiv.2109.04006,Two-dimensional pentagonal material Penta-PdPSe: A first-principle study,2021,k_mesh,e.g. 15x15x1; write as printed,y,21 x 21 x 1,,21×21×1 Γ centered k-point grid was employed,
35,10.48550_arxiv.2109.04006,Two-dimensional pentagonal material Penta-PdPSe: A first-principle study,2021,cutoff,"the basis cutoff FOR THIS CODE: plane-wave cutoff (eV or Ry) for VASP/QE/CASTEP, or mesh cutoff (Ry) for SIESTA. One value only.",y,500,eV,kinetic energy cut-oﬀequal to 500 eV,
35,10.48550_arxiv.2109.04006,Two-dimensional pentagonal material Penta-PdPSe: A first-principle study,2021,force_threshold_ev_ang,force convergence criterion,y,0.05,eV/Å,Hellmann-Feynman forces are decreased to 0.05 eV/˚A,
35,10.48550_arxiv.2109.04006,Two-dimensional pentagonal material Penta-PdPSe: A first-principle study,2021,energy_threshold_ev,SCF / total-energy convergence criterion,y,10^-5,eV,ﬂuctuations in the energy is below 10−5 eV,
35,10.48550_arxiv.2109.04006,Two-dimensional pentagonal material Penta-PdPSe: A first-principle study,2021,vacuum_spacing_ang,vacuum thickness along the non-periodic axis,n,,,,Not explicitly stated in the text.
35,10.48550_arxiv.2109.04006,Two-dimensional pentagonal material Penta-PdPSe: A first-principle study,2021,basis_size,"NAO codes ONLY (SIESTA: DZP, TZP...). Write n/a for plane-wave codes.",n/a,,,,VASP uses plane waves
36,10.48550_arxiv.2202.03963,Topological bands in the PdSe$_2$ pentagonal monolayer,2022,code,"which DFT package (VASP, Quantum ESPRESSO, SIESTA, CASTEP, ...)",y,QUANTUM ESPRESSO / GPAW,,QUANTUM ESPRESSO (QE) package ... GPAW code,
36,10.48550_arxiv.2202.03963,Topological bands in the PdSe$_2$ pentagonal monolayer,2022,xc_functional,"e.g. PBE, PBEsol, LDA, HSE06",y,GGA / PBE,,GGA ... within the Perdew-Burke-Ernzerhof (PBE),
36,10.48550_arxiv.2202.03963,Topological bands in the PdSe$_2$ pentagonal monolayer,2022,pseudopotential_type,"e.g. PAW, norm-conserving, ultrasoft",y,PAW,,projected augmented wave (PAW) method,
36,10.48550_arxiv.2202.03963,Topological bands in the PdSe$_2$ pentagonal monolayer,2022,k_mesh,e.g. 15x15x1; write as printed,y,15 x 15 x 1,,Monkhorst-Pack grid of 15 × 15 × 1,
36,10.48550_arxiv.2202.03963,Topological bands in the PdSe$_2$ pentagonal monolayer,2022,cutoff,"the basis cutoff FOR THIS CODE: plane-wave cutoff (eV or Ry) for VASP/QE/CASTEP, or mesh cutoff (Ry) for SIESTA. One value only.",y,100,Ry,energy cutoﬀfor the plane wave basis was 100 Ry,
36,10.48550_arxiv.2202.03963,Topological bands in the PdSe$_2$ pentagonal monolayer,2022,force_threshold_ev_ang,force convergence criterion,y,10^-4,eV/Å,force tolerance of 10−4 eV/˚A,
36,10.48550_arxiv.2202.03963,Topological bands in the PdSe$_2$ pentagonal monolayer,2022,energy_threshold_ev,SCF / total-energy convergence criterion,y,10^-8,Ry,energy convergence tolerance was set to 10−8 Ry,
36,10.48550_arxiv.2202.03963,Topological bands in the PdSe$_2$ pentagonal monolayer,2022,vacuum_spacing_ang,vacuum thickness along the non-periodic axis,y,20,Å,vacuum distance of 20 ˚A,
36,10.48550_arxiv.2202.03963,Topological bands in the PdSe$_2$ pentagonal monolayer,2022,basis_size,"NAO codes ONLY (SIESTA: DZP, TZP...). Write n/a for plane-wave codes.",n/a,,,,QE uses plane waves
37,10.48550_arxiv.2210.12697,Tetragonal Mexican-Hat Dispersion and Switchable Half-Metal State with Multiple Anisotropi,2022,code,"which DFT package (VASP, Quantum ESPRESSO, SIESTA, CASTEP, ...)",y,VASP,,implemented with VASP,
37,10.48550_arxiv.2210.12697,Tetragonal Mexican-Hat Dispersion and Switchable Half-Metal State with Multiple Anisotropi,2022,xc_functional,"e.g. PBE, PBEsol, LDA, HSE06",y,GGA / PBE,,generalized gradient approximation (GGA) with Perdew-Burke-Ernzerhof (PBE) functional,
37,10.48550_arxiv.2210.12697,Tetragonal Mexican-Hat Dispersion and Switchable Half-Metal State with Multiple Anisotropi,2022,pseudopotential_type,"e.g. PAW, norm-conserving, ultrasoft",y,PAW,,projector augmented wave (PAW) method,
37,10.48550_arxiv.2210.12697,Tetragonal Mexican-Hat Dispersion and Switchable Half-Metal State with Multiple Anisotropi,2022,k_mesh,e.g. 15x15x1; write as printed,y,2π×0.02 ˚A−1,,Monkhorst-Pack k-point mesh with uniform spacing of 2π×0.02 ˚A−1,
37,10.48550_arxiv.2210.12697,Tetragonal Mexican-Hat Dispersion and Switchable Half-Metal State with Multiple Anisotropi,2022,cutoff,"the basis cutoff FOR THIS CODE: plane-wave cutoff (eV or Ry) for VASP/QE/CASTEP, or mesh cutoff (Ry) for SIESTA. One value only.",y,600,eV,cutoﬀenergy of 600 eV,
37,10.48550_arxiv.2210.12697,Tetragonal Mexican-Hat Dispersion and Switchable Half-Metal State with Multiple Anisotropi,2022,force_threshold_ev_ang,force convergence criterion,y,0.001,eV/Å,0.001 eV/˚A ... for the ... Hellmann-Feynman force,
37,10.48550_arxiv.2210.12697,Tetragonal Mexican-Hat Dispersion and Switchable Half-Metal State with Multiple Anisotropi,2022,energy_threshold_ev,SCF / total-energy convergence criterion,y,10^-8,eV,convergence criteria of 10−8 eV ... for the electronic iteration,
37,10.48550_arxiv.2210.12697,Tetragonal Mexican-Hat Dispersion and Switchable Half-Metal State with Multiple Anisotropi,2022,vacuum_spacing_ang,vacuum thickness along the non-periodic axis,y,25,Å,large vacuum layer (25 ˚A),
37,10.48550_arxiv.2210.12697,Tetragonal Mexican-Hat Dispersion and Switchable Half-Metal State with Multiple Anisotropi,2022,basis_size,"NAO codes ONLY (SIESTA: DZP, TZP...). Write n/a for plane-wave codes.",n/a,,,,VASP uses plane wave basis set
38,10.48550_arxiv.2305.08111,Electronic band structure change with structural transition of buckled Au$_2$X monolayers ,2023,code,"which DFT package (VASP, Quantum ESPRESSO, SIESTA, CASTEP, ...)",y,OpenMX,,using the OpenMX code,
38,10.48550_arxiv.2305.08111,Electronic band structure change with structural transition of buckled Au$_2$X monolayers ,2023,xc_functional,"e.g. PBE, PBEsol, LDA, HSE06",y,GGA,,generalized gradient approximation (GGA),
38,10.48550_arxiv.2305.08111,Electronic band structure change with structural transition of buckled Au$_2$X monolayers ,2023,pseudopotential_type,"e.g. PAW, norm-conserving, ultrasoft",y,norm-conserving,,based on norm-conserving pseudopotentials,
38,10.48550_arxiv.2305.08111,Electronic band structure change with structural transition of buckled Au$_2$X monolayers ,2023,k_mesh,e.g. 15x15x1; write as printed,y,5 x 5 x 1,,A 5 × 5 × 1 mesh of k points was adopted,
38,10.48550_arxiv.2305.08111,Electronic band structure change with structural transition of buckled Au$_2$X monolayers ,2023,cutoff,"the basis cutoff FOR THIS CODE: plane-wave cutoff (eV or Ry) for VASP/QE/CASTEP, or mesh cutoff (Ry) for SIESTA. One value only.",y,240,Ry,regular mesh of 240 Ry in real space was used,
38,10.48550_arxiv.2305.08111,Electronic band structure change with structural transition of buckled Au$_2$X monolayers ,2023,force_threshold_ev_ang,force convergence criterion,y,0.0003,Hartree/Bohr,force on each atom was relaxed to be less than 0.0003 Hartree/Bohr,
38,10.48550_arxiv.2305.08111,Electronic band structure change with structural transition of buckled Au$_2$X monolayers ,2023,energy_threshold_ev,SCF / total-energy convergence criterion,n,,,,Not explicitly stated
38,10.48550_arxiv.2305.08111,Electronic band structure change with structural transition of buckled Au$_2$X monolayers ,2023,vacuum_spacing_ang,vacuum thickness along the non-periodic axis,n,,,,Not explicitly stated
38,10.48550_arxiv.2305.08111,Electronic band structure change with structural transition of buckled Au$_2$X monolayers ,2023,basis_size,"NAO codes ONLY (SIESTA: DZP, TZP...). Write n/a for plane-wave codes.",y,"e.g., s3p2d2f1 for Au",,"optimized pseudoatomic basis functions... Au7.0-s3p2d2f1 means that three, two, two, and one optimized radial functions were allocated for the s, p, d, and f orbitals",
39,10.48550_arxiv.2312.06394,Many-body effects on the quasiparticle band structure and optical response of single-layer,2023,code,"which DFT package (VASP, Quantum ESPRESSO, SIESTA, CASTEP, ...)",y,quantum espresso,,as implemented in the quantum espresso package,
39,10.48550_arxiv.2312.06394,Many-body effects on the quasiparticle band structure and optical response of single-layer,2023,xc_functional,"e.g. PBE, PBEsol, LDA, HSE06",y,GGA / PBE / HSE06,,GGA-PBE ... and the screened hybrid functional ... (HSE06),
39,10.48550_arxiv.2312.06394,Many-body effects on the quasiparticle band structure and optical response of single-layer,2023,pseudopotential_type,"e.g. PAW, norm-conserving, ultrasoft",y,ON-CVPSP norm-conserving,,Fully relativistic ON-CVPSP [35] norm-conserving pseudopotentials,
39,10.48550_arxiv.2312.06394,Many-body effects on the quasiparticle band structure and optical response of single-layer,2023,k_mesh,e.g. 15x15x1; write as printed,y,14 x 14 x 1,,Monkhorst-Pack Γ-centered k-mesh of 14×14×1,
39,10.48550_arxiv.2312.06394,Many-body effects on the quasiparticle band structure and optical response of single-layer,2023,cutoff,"the basis cutoff FOR THIS CODE: plane-wave cutoff (eV or Ry) for VASP/QE/CASTEP, or mesh cutoff (Ry) for SIESTA. One value only.",y,96,Ry,kinetic energy cutoﬀof 96 Ry was adopted,
39,10.48550_arxiv.2312.06394,Many-body effects on the quasiparticle band structure and optical response of single-layer,2023,force_threshold_ev_ang,force convergence criterion,y,10^-5,Ry/Bohr,force convergence criterion of 1×10−5 Ry/Bohr,
39,10.48550_arxiv.2312.06394,Many-body effects on the quasiparticle band structure and optical response of single-layer,2023,energy_threshold_ev,SCF / total-energy convergence criterion,n,,,,Not explicitly stated
39,10.48550_arxiv.2312.06394,Many-body effects on the quasiparticle band structure and optical response of single-layer,2023,vacuum_spacing_ang,vacuum thickness along the non-periodic axis,y,16,Å,vacuum spacing of ∼16 ˚A was used,
39,10.48550_arxiv.2312.06394,Many-body effects on the quasiparticle band structure and optical response of single-layer,2023,basis_size,"NAO codes ONLY (SIESTA: DZP, TZP...). Write n/a for plane-wave codes.",n/a,,,,QE uses plane waves
40,10.48550_arxiv.2401.05429,First-principles calculations of the electronic and optical properties of penta-graphene m,2024,code,"which DFT package (VASP, Quantum ESPRESSO, SIESTA, CASTEP, ...)",y,QUANTUM ESPRESSO,,QUANTUM-ESPRESSO computational package,
40,10.48550_arxiv.2401.05429,First-principles calculations of the electronic and optical properties of penta-graphene m,2024,xc_functional,"e.g. PBE, PBEsol, LDA, HSE06",y,GGA / PBE,,The PBE ... functional of generalized gradient approximation (GGA),
40,10.48550_arxiv.2401.05429,First-principles calculations of the electronic and optical properties of penta-graphene m,2024,pseudopotential_type,"e.g. PAW, norm-conserving, ultrasoft",y,norm-conserving,,Martin-Taylor pseudopotential ... which is of norm-conserving type,
40,10.48550_arxiv.2401.05429,First-principles calculations of the electronic and optical properties of penta-graphene m,2024,k_mesh,e.g. 15x15x1; write as printed,y,14 x 14 x 1,,optimal number of k-points of 14 × 14 × 1,
40,10.48550_arxiv.2401.05429,First-principles calculations of the electronic and optical properties of penta-graphene m,2024,cutoff,"the basis cutoff FOR THIS CODE: plane-wave cutoff (eV or Ry) for VASP/QE/CASTEP, or mesh cutoff (Ry) for SIESTA. One value only.",y,50,Ry,energy cutoff of 50 Ry,
40,10.48550_arxiv.2401.05429,First-principles calculations of the electronic and optical properties of penta-graphene m,2024,force_threshold_ev_ang,force convergence criterion,y,10^-5,eV/Å,force convergence threshold was set to around 10−5 eV/Å,
40,10.48550_arxiv.2401.05429,First-principles calculations of the electronic and optical properties of penta-graphene m,2024,energy_threshold_ev,SCF / total-energy convergence criterion,y,10^-4,eV/atom,convergence threshold for the total energy was set to around 10−4 eV/atom,
40,10.48550_arxiv.2401.05429,First-principles calculations of the electronic and optical properties of penta-graphene m,2024,vacuum_spacing_ang,vacuum thickness along the non-periodic axis,y,15,Å,vacuum distance of 15 Å,
40,10.48550_arxiv.2401.05429,First-principles calculations of the electronic and optical properties of penta-graphene m,2024,basis_size,"NAO codes ONLY (SIESTA: DZP, TZP...). Write n/a for plane-wave codes.",n/a,,,,QE uses plane waves
41,10.48550_arxiv.2406.13096,Electric field enhances the electronic and diffusion properties of penta-graphene nanoribb,2024,code,"which DFT package (VASP, Quantum ESPRESSO, SIESTA, CASTEP, ...)",y,VASP / AMS,,Vienna Ab initio simulation package (VASP) ... BAND engine of the Amsterdam Modeling Suite (AMS),
41,10.48550_arxiv.2406.13096,Electric field enhances the electronic and diffusion properties of penta-graphene nanoribb,2024,xc_functional,"e.g. PBE, PBEsol, LDA, HSE06",y,vdW-DF / optB86b-vdW / HSE06,,optB86b-vdW ... in the vdW-DF family ... Heyd-Scuseria-Ernzerhof (HSE06),
41,10.48550_arxiv.2406.13096,Electric field enhances the electronic and diffusion properties of penta-graphene nanoribb,2024,pseudopotential_type,"e.g. PAW, norm-conserving, ultrasoft",y,PAW,,projector-augmented wave (PAW) method,
41,10.48550_arxiv.2406.13096,Electric field enhances the electronic and diffusion properties of penta-graphene nanoribb,2024,k_mesh,e.g. 15x15x1; write as printed,y,11 x 1 x 1 / 7 x 1 x 1,,Monkhorst-Pack scheme [28] (11 x 1 x 1) ... k-point grid of 7 x 1 x 1,
41,10.48550_arxiv.2406.13096,Electric field enhances the electronic and diffusion properties of penta-graphene nanoribb,2024,cutoff,"the basis cutoff FOR THIS CODE: plane-wave cutoff (eV or Ry) for VASP/QE/CASTEP, or mesh cutoff (Ry) for SIESTA. One value only.",y,500,eV,energy cut-off of 500 eV,
41,10.48550_arxiv.2406.13096,Electric field enhances the electronic and diffusion properties of penta-graphene nanoribb,2024,force_threshold_ev_ang,force convergence criterion,y,0.01,eV/Å,forces acting on atoms were less than 0.01 eV Å-1,
41,10.48550_arxiv.2406.13096,Electric field enhances the electronic and diffusion properties of penta-graphene nanoribb,2024,energy_threshold_ev,SCF / total-energy convergence criterion,y,10^-5,eV/cell,convergence threshold ... was set to 10-5 eV per cell,
41,10.48550_arxiv.2406.13096,Electric field enhances the electronic and diffusion properties of penta-graphene nanoribb,2024,vacuum_spacing_ang,vacuum thickness along the non-periodic axis,y,20,Å,vacuum of 20 Å is applied,
41,10.48550_arxiv.2406.13096,Electric field enhances the electronic and diffusion properties of penta-graphene nanoribb,2024,basis_size,"NAO codes ONLY (SIESTA: DZP, TZP...). Write n/a for plane-wave codes.",y,TZP,,apply the triple zeta polarization (TZP) basic sets,
42,10.48550_arxiv.2411.06186,"Defect engineering in two-dimensional pentagonal PdTe$_2$: Tuning electronic, optical, and",2024,code,"which DFT package (VASP, Quantum ESPRESSO, SIESTA, CASTEP, ...)",y,VASP,,Vienna Ab-initio Simulation Package (VASP),
42,10.48550_arxiv.2411.06186,"Defect engineering in two-dimensional pentagonal PdTe$_2$: Tuning electronic, optical, and",2024,xc_functional,"e.g. PBE, PBEsol, LDA, HSE06",y,GGA / PBE,,generalized gradient approximation (GGA) with the Perdew-Burke-Ernzerhof (PBE),
42,10.48550_arxiv.2411.06186,"Defect engineering in two-dimensional pentagonal PdTe$_2$: Tuning electronic, optical, and",2024,pseudopotential_type,"e.g. PAW, norm-conserving, ultrasoft",y,PAW,,projector augmented wave pseudopotentials,
42,10.48550_arxiv.2411.06186,"Defect engineering in two-dimensional pentagonal PdTe$_2$: Tuning electronic, optical, and",2024,k_mesh,e.g. 15x15x1; write as printed,y,14 x 14 x 1 / 3 x 3 x 1,,Γ-centred k meshes of 14×14×1 and 3×3×1 were employed,
42,10.48550_arxiv.2411.06186,"Defect engineering in two-dimensional pentagonal PdTe$_2$: Tuning electronic, optical, and",2024,cutoff,"the basis cutoff FOR THIS CODE: plane-wave cutoff (eV or Ry) for VASP/QE/CASTEP, or mesh cutoff (Ry) for SIESTA. One value only.",y,500,eV,kinetic energy cutoff of 500 eV,
42,10.48550_arxiv.2411.06186,"Defect engineering in two-dimensional pentagonal PdTe$_2$: Tuning electronic, optical, and",2024,force_threshold_ev_ang,force convergence criterion,y,10^-2,eV,force on each atom was less than 1×10−2 eV,
42,10.48550_arxiv.2411.06186,"Defect engineering in two-dimensional pentagonal PdTe$_2$: Tuning electronic, optical, and",2024,energy_threshold_ev,SCF / total-energy convergence criterion,n,,,,Not explicitly stated
42,10.48550_arxiv.2411.06186,"Defect engineering in two-dimensional pentagonal PdTe$_2$: Tuning electronic, optical, and",2024,vacuum_spacing_ang,vacuum thickness along the non-periodic axis,y,21,Å,vacuum of 21 ˚A was used,
42,10.48550_arxiv.2411.06186,"Defect engineering in two-dimensional pentagonal PdTe$_2$: Tuning electronic, optical, and",2024,basis_size,"NAO codes ONLY (SIESTA: DZP, TZP...). Write n/a for plane-wave codes.",n/a,,,,VASP uses plane waves
43,10.48550_arxiv.2412.16857,Altermagnetism and Strain Induced Altermagnetic Transition in Cairo Pentagonal Monolayer,2024,code,"which DFT package (VASP, Quantum ESPRESSO, SIESTA, CASTEP, ...)",y,VASP,,Vienna Ab initio Simulation Package (VASP),
43,10.48550_arxiv.2412.16857,Altermagnetism and Strain Induced Altermagnetic Transition in Cairo Pentagonal Monolayer,2024,xc_functional,"e.g. PBE, PBEsol, LDA, HSE06",y,GGA / PBE / GGA+U,,generalized gradient approximation (GGA) with the Perdew-Burke-Ernzerhof (PBE) functional ... GGA + U approach,
43,10.48550_arxiv.2412.16857,Altermagnetism and Strain Induced Altermagnetic Transition in Cairo Pentagonal Monolayer,2024,pseudopotential_type,"e.g. PAW, norm-conserving, ultrasoft",y,PAW,,Projector-augmented-wave (PAW) potential,
43,10.48550_arxiv.2412.16857,Altermagnetism and Strain Induced Altermagnetic Transition in Cairo Pentagonal Monolayer,2024,k_mesh,e.g. 15x15x1; write as printed,y,15 x 15 x 1,,15 × 15 × 1 Monkhorst-Pack k point mesh was used,
43,10.48550_arxiv.2412.16857,Altermagnetism and Strain Induced Altermagnetic Transition in Cairo Pentagonal Monolayer,2024,cutoff,"the basis cutoff FOR THIS CODE: plane-wave cutoff (eV or Ry) for VASP/QE/CASTEP, or mesh cutoff (Ry) for SIESTA. One value only.",y,600,eV,energy cutoff was set to be 600 eV,
43,10.48550_arxiv.2412.16857,Altermagnetism and Strain Induced Altermagnetic Transition in Cairo Pentagonal Monolayer,2024,force_threshold_ev_ang,force convergence criterion,y,0.015,eV/Å,0.015 eV/Å ... convergence criterion for residual force,
43,10.48550_arxiv.2412.16857,Altermagnetism and Strain Induced Altermagnetic Transition in Cairo Pentagonal Monolayer,2024,energy_threshold_ev,SCF / total-energy convergence criterion,y,10^-6,eV,10−6 eV as the convergence criterion for ... total-energy,
43,10.48550_arxiv.2412.16857,Altermagnetism and Strain Induced Altermagnetic Transition in Cairo Pentagonal Monolayer,2024,vacuum_spacing_ang,vacuum thickness along the non-periodic axis,n,,,,Not explicitly stated
43,10.48550_arxiv.2412.16857,Altermagnetism and Strain Induced Altermagnetic Transition in Cairo Pentagonal Monolayer,2024,basis_size,"NAO codes ONLY (SIESTA: DZP, TZP...). Write n/a for plane-wave codes.",n/a,,,,VASP uses plane wave basis
44,10.48550_arxiv.2503.04035,Unveiling the Oxidation Mechanisms of Octa-Penta Graphene: A Multidimensional Exploration ,2025,code,"which DFT package (VASP, Quantum ESPRESSO, SIESTA, CASTEP, ...)",y,VASP,,Vienna ab initio Simulation Package (VASP),
44,10.48550_arxiv.2503.04035,Unveiling the Oxidation Mechanisms of Octa-Penta Graphene: A Multidimensional Exploration ,2025,xc_functional,"e.g. PBE, PBEsol, LDA, HSE06",y,GGA / PBE / DFT-D3,,GGA with the Perdew-Burke-Ernzerhof (PBE) exchange functional ... DFT-D3 method,
44,10.48550_arxiv.2503.04035,Unveiling the Oxidation Mechanisms of Octa-Penta Graphene: A Multidimensional Exploration ,2025,pseudopotential_type,"e.g. PAW, norm-conserving, ultrasoft",y,PAW,,projector-augmented wave (PAW) method,
44,10.48550_arxiv.2503.04035,Unveiling the Oxidation Mechanisms of Octa-Penta Graphene: A Multidimensional Exploration ,2025,k_mesh,e.g. 15x15x1; write as printed,y,3 x 3 x 1 / 2 x 2 x 1,,Gamma-centered k-point meshes ... (3 × 3 × 1) ... (2 × 2 × 1),
44,10.48550_arxiv.2503.04035,Unveiling the Oxidation Mechanisms of Octa-Penta Graphene: A Multidimensional Exploration ,2025,cutoff,"the basis cutoff FOR THIS CODE: plane-wave cutoff (eV or Ry) for VASP/QE/CASTEP, or mesh cutoff (Ry) for SIESTA. One value only.",y,500,eV,energy cutoff of the plane wave basis was set to 500 eV,
44,10.48550_arxiv.2503.04035,Unveiling the Oxidation Mechanisms of Octa-Penta Graphene: A Multidimensional Exploration ,2025,force_threshold_ev_ang,force convergence criterion,y,0.02,eV/Å,force on each atom was less than 0.02 eV/Å,
44,10.48550_arxiv.2503.04035,Unveiling the Oxidation Mechanisms of Octa-Penta Graphene: A Multidimensional Exploration ,2025,energy_threshold_ev,SCF / total-energy convergence criterion,y,10^-5,eV,convergence accuracy for energy was 10-5 eV,
44,10.48550_arxiv.2503.04035,Unveiling the Oxidation Mechanisms of Octa-Penta Graphene: A Multidimensional Exploration ,2025,vacuum_spacing_ang,vacuum thickness along the non-periodic axis,y,12,Å,vacuum region exceeding 12 Å was maintained,
44,10.48550_arxiv.2503.04035,Unveiling the Oxidation Mechanisms of Octa-Penta Graphene: A Multidimensional Exploration ,2025,basis_size,"NAO codes ONLY (SIESTA: DZP, TZP...). Write n/a for plane-wave codes.",n/a,,,,VASP uses plane wave basis
45,10.48550_arxiv.2507.17247,Mechanically and electrically switchable triferroic altermagnet in a pentagonal FeO2 monol,2025,code,"which DFT package (VASP, Quantum ESPRESSO, SIESTA, CASTEP, ...)",y,VASP,,Vienna ab-initio simulation package (VASP),
45,10.48550_arxiv.2507.17247,Mechanically and electrically switchable triferroic altermagnet in a pentagonal FeO2 monol,2025,xc_functional,"e.g. PBE, PBEsol, LDA, HSE06",y,GGA / PBE / PBE-D3 / DFT+U,,generalized gradient approximation ... Grimme’s D3 form vdW correction was applied to the Perdew Burke Ernzerhof (PBE) ... DFT+U method,
45,10.48550_arxiv.2507.17247,Mechanically and electrically switchable triferroic altermagnet in a pentagonal FeO2 monol,2025,pseudopotential_type,"e.g. PAW, norm-conserving, ultrasoft",y,PAW,,projector augmented wave method,
45,10.48550_arxiv.2507.17247,Mechanically and electrically switchable triferroic altermagnet in a pentagonal FeO2 monol,2025,k_mesh,e.g. 15x15x1; write as printed,y,8 x 8 x 1,,An 8×8×1 k-mesh was adopted,
45,10.48550_arxiv.2507.17247,Mechanically and electrically switchable triferroic altermagnet in a pentagonal FeO2 monol,2025,cutoff,"the basis cutoff FOR THIS CODE: plane-wave cutoff (eV or Ry) for VASP/QE/CASTEP, or mesh cutoff (Ry) for SIESTA. One value only.",y,700 / 500,eV,cut-offs of 700 eV and 500 eV ... for structural relaxations and electronic calculations,
45,10.48550_arxiv.2507.17247,Mechanically and electrically switchable triferroic altermagnet in a pentagonal FeO2 monol,2025,force_threshold_ev_ang,force convergence criterion,y,0.01,eV/Å,residual force per atom was less than 0.01 eV/Å,
45,10.48550_arxiv.2507.17247,Mechanically and electrically switchable triferroic altermagnet in a pentagonal FeO2 monol,2025,energy_threshold_ev,SCF / total-energy convergence criterion,n,,,,Not explicitly stated
45,10.48550_arxiv.2507.17247,Mechanically and electrically switchable triferroic altermagnet in a pentagonal FeO2 monol,2025,vacuum_spacing_ang,vacuum thickness along the non-periodic axis,y,15,Å,"vacuum layer, over 15 Å in thickness",
45,10.48550_arxiv.2507.17247,Mechanically and electrically switchable triferroic altermagnet in a pentagonal FeO2 monol,2025,basis_size,"NAO codes ONLY (SIESTA: DZP, TZP...). Write n/a for plane-wave codes.",n/a,,,,VASP uses plane wave basis
46,10.48550_arxiv.2508.00704,XANES absorption spectra of penta-graphene and penta-SiC2 with different terminations: a c,2025,code,"which DFT package (VASP, Quantum ESPRESSO, SIESTA, CASTEP, ...)",y,QUANTUM ESPRESSO,,QUANTUM ESPRESSO suite,
46,10.48550_arxiv.2508.00704,XANES absorption spectra of penta-graphene and penta-SiC2 with different terminations: a c,2025,xc_functional,"e.g. PBE, PBEsol, LDA, HSE06",y,PBE,,Perdew–Burke–Ernzerhof (PBE) [53] was used for the exchange-correlation potential,
46,10.48550_arxiv.2508.00704,XANES absorption spectra of penta-graphene and penta-SiC2 with different terminations: a c,2025,pseudopotential_type,"e.g. PAW, norm-conserving, ultrasoft",y,PAW / ultra-soft,,ultra-soft core-hole pseudopotentials ... projector augmented wave (PAW),
46,10.48550_arxiv.2508.00704,XANES absorption spectra of penta-graphene and penta-SiC2 with different terminations: a c,2025,k_mesh,e.g. 15x15x1; write as printed,y,1 x 1 x 1 / 2 x 2 x 1 / 4 x 4 x 1,,1 × 1 × 1 k-point sampling ... 2 × 2 × 1 k-point sampling ... 4 × 4 × 1 k-point grid,
46,10.48550_arxiv.2508.00704,XANES absorption spectra of penta-graphene and penta-SiC2 with different terminations: a c,2025,cutoff,"the basis cutoff FOR THIS CODE: plane-wave cutoff (eV or Ry) for VASP/QE/CASTEP, or mesh cutoff (Ry) for SIESTA. One value only.",y,544,eV,cut-off value for the kinetic energy of 544 eV,
46,10.48550_arxiv.2508.00704,XANES absorption spectra of penta-graphene and penta-SiC2 with different terminations: a c,2025,force_threshold_ev_ang,force convergence criterion,y,0.0136,eV/Å,force criteria below ... 0.0136 eV Å−1,
46,10.48550_arxiv.2508.00704,XANES absorption spectra of penta-graphene and penta-SiC2 with different terminations: a c,2025,energy_threshold_ev,SCF / total-energy convergence criterion,y,0.00136,eV,total energy ... criteria below 0.00136 eV,
46,10.48550_arxiv.2508.00704,XANES absorption spectra of penta-graphene and penta-SiC2 with different terminations: a c,2025,vacuum_spacing_ang,vacuum thickness along the non-periodic axis,y,20,Å,supercell dimension of 2.0 nm to avoid spurious interactions,
46,10.48550_arxiv.2508.00704,XANES absorption spectra of penta-graphene and penta-SiC2 with different terminations: a c,2025,basis_size,"NAO codes ONLY (SIESTA: DZP, TZP...). Write n/a for plane-wave codes.",n/a,,,,QUANTUM ESPRESSO uses plane wave basis
47,10.48550_arxiv.2510.13107,First-Principles Exploration of Pentagonal TiN$_8$ and MoN$_8$ Monolayers as New Magnetic ,2025,code,"which DFT package (VASP, Quantum ESPRESSO, SIESTA, CASTEP, ...)",y,VASP,,Vienna ab initio Simulation Package (VASP),
47,10.48550_arxiv.2510.13107,First-Principles Exploration of Pentagonal TiN$_8$ and MoN$_8$ Monolayers as New Magnetic ,2025,xc_functional,"e.g. PBE, PBEsol, LDA, HSE06",y,GGA / PBE / DFT+U / DFT-D3,,GGA in the Perdew-Burke-Ernzerhof (PBE) form ... DFT+U ... DFT-D3 method,
47,10.48550_arxiv.2510.13107,First-Principles Exploration of Pentagonal TiN$_8$ and MoN$_8$ Monolayers as New Magnetic ,2025,pseudopotential_type,"e.g. PAW, norm-conserving, ultrasoft",y,PAW,,projector-augmented wave (PAW) method,
47,10.48550_arxiv.2510.13107,First-Principles Exploration of Pentagonal TiN$_8$ and MoN$_8$ Monolayers as New Magnetic ,2025,k_mesh,e.g. 15x15x1; write as printed,y,11 x 11 x 1,,11 × 11 × 1 Gamma-centered k-mesh,
47,10.48550_arxiv.2510.13107,First-Principles Exploration of Pentagonal TiN$_8$ and MoN$_8$ Monolayers as New Magnetic ,2025,cutoff,"the basis cutoff FOR THIS CODE: plane-wave cutoff (eV or Ry) for VASP/QE/CASTEP, or mesh cutoff (Ry) for SIESTA. One value only.",y,600,eV,kinetic energy cutoff of 600 eV,
47,10.48550_arxiv.2510.13107,First-Principles Exploration of Pentagonal TiN$_8$ and MoN$_8$ Monolayers as New Magnetic ,2025,force_threshold_ev_ang,force convergence criterion,y,0.005,eV/Å,Hellmann-Feynman forces were below 0.005 eV/Å,
47,10.48550_arxiv.2510.13107,First-Principles Exploration of Pentagonal TiN$_8$ and MoN$_8$ Monolayers as New Magnetic ,2025,energy_threshold_ev,SCF / total-energy convergence criterion,y,10^-6,eV,total energy difference was less than 10−6 eV,
47,10.48550_arxiv.2510.13107,First-Principles Exploration of Pentagonal TiN$_8$ and MoN$_8$ Monolayers as New Magnetic ,2025,vacuum_spacing_ang,vacuum thickness along the non-periodic axis,y,15,Å,vacuum width of 15 Å was added,
47,10.48550_arxiv.2510.13107,First-Principles Exploration of Pentagonal TiN$_8$ and MoN$_8$ Monolayers as New Magnetic ,2025,basis_size,"NAO codes ONLY (SIESTA: DZP, TZP...). Write n/a for plane-wave codes.",n/a,,,,VASP uses plane wave basis
48,10.56042_ijc.v63i9.10558,First-principles study of optical aspects of Penta-graphene monolayer under strain effects,2024,code,"which DFT package (VASP, Quantum ESPRESSO, SIESTA, CASTEP, ...)",y,Wien2k,,Wien2k computational code,
48,10.56042_ijc.v63i9.10558,First-principles study of optical aspects of Penta-graphene monolayer under strain effects,2024,xc_functional,"e.g. PBE, PBEsol, LDA, HSE06",y,GGA / PBE,,GGA generalized gradient approximation ... (PBE) method is used,
48,10.56042_ijc.v63i9.10558,First-principles study of optical aspects of Penta-graphene monolayer under strain effects,2024,pseudopotential_type,"e.g. PAW, norm-conserving, ultrasoft",y,FP-LAPW,,linear amplified flat wave method with the full potential,
48,10.56042_ijc.v63i9.10558,First-principles study of optical aspects of Penta-graphene monolayer under strain effects,2024,k_mesh,e.g. 15x15x1; write as printed,y,1 x 12 x 12 / 1 x 25 x 25,,1×12×12 and 1×25×25 meshing,
48,10.56042_ijc.v63i9.10558,First-principles study of optical aspects of Penta-graphene monolayer under strain effects,2024,cutoff,"the basis cutoff FOR THIS CODE: plane-wave cutoff (eV or Ry) for VASP/QE/CASTEP, or mesh cutoff (Ry) for SIESTA. One value only.",y,7 / 14,Ry^(1/2),"RMTKmax = 7, Gmax = 14 Ry1/2",
48,10.56042_ijc.v63i9.10558,First-principles study of optical aspects of Penta-graphene monolayer under strain effects,2024,force_threshold_ev_ang,force convergence criterion,n,,,,Not explicitly stated
48,10.56042_ijc.v63i9.10558,First-principles study of optical aspects of Penta-graphene monolayer under strain effects,2024,energy_threshold_ev,SCF / total-energy convergence criterion,n,,,,Not explicitly stated
48,10.56042_ijc.v63i9.10558,First-principles study of optical aspects of Penta-graphene monolayer under strain effects,2024,vacuum_spacing_ang,vacuum thickness along the non-periodic axis,n,,,,Not explicitly stated
48,10.56042_ijc.v63i9.10558,First-principles study of optical aspects of Penta-graphene monolayer under strain effects,2024,basis_size,"NAO codes ONLY (SIESTA: DZP, TZP...). Write n/a for plane-wave codes.",n/a,,,,Wien2k uses FP-LAPW basis
49,10.7498_aps.70.20201939,Thermoelectric transport properties of two-dimensional materials &lt;i&gt;X&lt;/i&gt;Te&lt,2021,code,"which DFT package (VASP, Quantum ESPRESSO, SIESTA, CASTEP, ...)",y,VASP,,VASP,
49,10.7498_aps.70.20201939,Thermoelectric transport properties of two-dimensional materials &lt;i&gt;X&lt;/i&gt;Te&lt,2021,xc_functional,"e.g. PBE, PBEsol, LDA, HSE06",y,GGA / PBE,,GGA ... PBE,
49,10.7498_aps.70.20201939,Thermoelectric transport properties of two-dimensional materials &lt;i&gt;X&lt;/i&gt;Te&lt,2021,pseudopotential_type,"e.g. PAW, norm-conserving, ultrasoft",n,,,,Not explicitly stated
49,10.7498_aps.70.20201939,Thermoelectric transport properties of two-dimensional materials &lt;i&gt;X&lt;/i&gt;Te&lt,2021,k_mesh,e.g. 15x15x1; write as printed,y,15 x 15 x 1,,15 × 15 × 1,
49,10.7498_aps.70.20201939,Thermoelectric transport properties of two-dimensional materials &lt;i&gt;X&lt;/i&gt;Te&lt,2021,cutoff,"the basis cutoff FOR THIS CODE: plane-wave cutoff (eV or Ry) for VASP/QE/CASTEP, or mesh cutoff (Ry) for SIESTA. One value only.",y,500,eV,500 eV,
49,10.7498_aps.70.20201939,Thermoelectric transport properties of two-dimensional materials &lt;i&gt;X&lt;/i&gt;Te&lt,2021,force_threshold_ev_ang,force convergence criterion,y,0.001,eV/Å,0.001 eV/Å,
49,10.7498_aps.70.20201939,Thermoelectric transport properties of two-dimensional materials &lt;i&gt;X&lt;/i&gt;Te&lt,2021,energy_threshold_ev,SCF / total-energy convergence criterion,y,10^-7,eV,10–7 eV,
49,10.7498_aps.70.20201939,Thermoelectric transport properties of two-dimensional materials &lt;i&gt;X&lt;/i&gt;Te&lt,2021,vacuum_spacing_ang,vacuum thickness along the non-periodic axis,y,20,Å,20 Å,
49,10.7498_aps.70.20201939,Thermoelectric transport properties of two-dimensional materials &lt;i&gt;X&lt;/i&gt;Te&lt,2021,basis_size,"NAO codes ONLY (SIESTA: DZP, TZP...). Write n/a for plane-wave codes.",n/a,,,,VASP uses plane wave basis
50,W7169923838,,,code,"which DFT package (VASP, Quantum ESPRESSO, SIESTA, CASTEP, ...)",y,VASP,,Vienna ab initio Simulation Package (VASP),
50,W7169923838,,,xc_functional,"e.g. PBE, PBEsol, LDA, HSE06",y,GGA / PBE,,Perdew–Burke–Ernzerhof (PBE) generalized gradient approximation,
50,W7169923838,,,pseudopotential_type,"e.g. PAW, norm-conserving, ultrasoft",y,PAW,,projector-augmented wave (PAW) formalism,
50,W7169923838,,,k_mesh,e.g. 15x15x1; write as printed,y,12 x 12 x 1,,Γ-centered 12 × 12 × 1 k-point mesh,
50,W7169923838,,,cutoff,"the basis cutoff FOR THIS CODE: plane-wave cutoff (eV or Ry) for VASP/QE/CASTEP, or mesh cutoff (Ry) for SIESTA. One value only.",y,520,eV,plane-wave kinetic energy cutoff of 520 eV,
50,W7169923838,,,force_threshold_ev_ang,force convergence criterion,y,0.01,eV/Å,forces on each atom fell below 0.01 eV/Å,
50,W7169923838,,,energy_threshold_ev,SCF / total-energy convergence criterion,y,10^-8,eV,electronic self-consistency criterion of 10−8 eV,
50,W7169923838,,,vacuum_spacing_ang,vacuum thickness along the non-periodic axis,y,20,Å,20 Å vacuum layer,
50,W7169923838,,,basis_size,"NAO codes ONLY (SIESTA: DZP, TZP...). Write n/a for plane-wave codes.",n/a,,,,VASP uses plane wave basis
